"station_id","station","state","quality","horizon_hours","balanced_mad_f","balanced_bias_f","balanced_rms_f","over10_pct","flagged_target_hours_pct","pairs","coverage_pct","raw_pair_weighted_mad_f","modified_z_mad","modified_z_bias","modified_z_flagged","potential_outlier_metrics","two_sigma_watch_metrics","shared_months","mean_selected_lead_hours"
"1","Salt Lake City","UT","strict","24","1.0615713198768455","-0.021981016195962096","1.586854294830166","0.07272727272727272","5.922905724204425","5692","23.622177954847277","1.0653548840477864","-0.8641377534067208","0.1511347312738279","1.1507086109300864","","","33","24.188050874915778"
"2","Jacksboro","TN","strict","24","1.41325528175095","0.167772278758346","2.0119477152429845","0.08001587018058731","4.332022941019361","5592","23.207171314741036","1.4182761087267526","0.15316446666892147","1.7572449231601905","-0.42379387748234804","","","33","24.237197100133084"
"3","Oak Ridge","TN","strict","24","1.3491181518769872","0.09517920914941999","1.9000745425833612","0.01044932079414838","4.324080307641354","6101","25.319555112881808","1.3673168333060155","-0.03236246001367532","1.1428025284324088","-0.43165473068309956","","","33","24.16772723310547"
"4","SeaTac","WA","strict","24","0.6653737945375566","0.0040397480020133705","0.9925255992996208","0","7.211083719515912","6085","25.25315405046481","0.6537387017255546","-2.0102025894836597","0.37137973196856466","2.425623067591307","","","33","24.13143589664274"
"5","Vancouver","WA","strict","24","0.9480052574820758","-0.008843259827074172","1.4029449252434096","0","7.183856309196975","6166","25.589309428950862","0.9414531300681155","-1.1926457888138227","0.2623353531532627","2.398676000369696","","","33","24.073668320822296"
"7","St. George","UT","strict","24","0.8960835819392143","-0.03727241519783672","1.3370671919811186","0","4.989204617050138","5462","22.66766268260292","0.8927132918344929","-1.3428375562129529","0.02170524341684141","0.22662122235165633","","","33","24.278786861238515"
"8","Commerce City","CO","strict","24","1.9113449322615548","0.1240626433084606","2.731430230287191","0.5931596079417144","4.0706104051411245","5823","24.165836653386457","1.9534604155933368","1.5939686038861016","1.387277745533036","-0.6825148169461883","tail_pct","tail_pct","33","24.22463300744393"
"9","North Kansas City","MO","strict","24","1.505730768483488","0.07623899737860262","2.1478525324811693","0.22167202246151924","4.041464509938706","6320","26.228419654714475","1.5023734177215189","0.4206646320283628","0.982488752753726","-0.7113606156488058","","","33","24.112980140498756"
"10","Bedford Park","IL","strict","24","1.6092903142193131","-0.278780196034184","2.2403684315131294","0.2056631908847369","5.385588087615034","6152","25.53120849933599","1.6163849154746424","0.720227214369816","-2.0224653640791574","0.618923387769826","","","33","24.120812985932577"
"11","Rosemont","IL","strict","24","1.6067278277286492","-0.2553845555838689","2.2604624178507002","0.20523407925808956","5.706485605192795","6297","26.13296812749004","1.614260759091631","0.7128148115352522","-1.8244399406892338","0.9365168304117804","","","33","24.103612166705027"
"12","Romulus","MI","strict","24","1.1939781458920455","-0.11801666484042718","1.7126588583162974","0","5.157315846377444","5947","24.680444887118195","1.21456196401547","-0.4811297898344403","-0.6617303845041853","0.3930015186900107","","","33","24.188710687137387"
"13","Lynnview","KY","strict","24","1.5348055910340037","-0.3091665578573624","2.1214205017427936","0.07371676908222743","4.404884732571874","6303","26.157868525896415","1.5246707916864985","0.5047682157440548","-2.2796616643083856","-0.35168229684160485","","bias","33","24.108721244257996"
"14","View Park-Windsor Hills","CA","strict","24","1.383933570541249","0.01079308825335075","1.9220361288814451","0","9.007225075335645","5774","23.962483399734396","1.3917561482507794","0.06834671794052223","0.42854136707777946","4.203270713395062","flagged_pct","flagged_pct","33","24.14762819922816"
"15","Guadalupe","AZ","strict","24","0.724947368937175","0.002338215559554243","1.1017075430294831","0","5.033118740364583","6260","25.97941567065073","0.7159744408945687","-1.8378764783592965","0.3569776179061081","0.27008319023882826","","","33","24.128918395984385"
"16","Montgomery","AL","strict","24","1.372350141330809","-0.1689542421091013","1.9321621179788087","0.12870509690730433","3.515056693172839","5643","23.418824701195216","1.3616870458975723","0.034839792605985645","-1.0928763207100176","-1.232348350369421","","","33","24.2417441596401"
"18","Highland Park","TX","strict","24","1.602211987363308","-0.06171945846673449","2.363878310022985","0.35850968175388503","4.069751801567838","6077","25.21995351925631","1.641434918545335","0.6997520195765637","-0.18521946566459188","-0.6833645800318086","tail_pct","","33","24.16922351496499"
"20","Norfolk","VA","strict","24","1.3641142023173651","-0.008901755564398973","1.9024757103652918","0","4.016012850792077","5911","24.531042496679948","1.3867365927930977","0.011016019130118808","0.26184023342465984","-0.7365502154635466","","","33","24.202906536705502"
"21","Myrtle Beach","SC","strict","24","1.1776524519282054","-0.16269368039672086","1.658135442478111","0.01578282828282828","4.286436811989203","5459","22.655212483399733","1.192526103681993","-0.5283544759565655","-1.0398856626262727","-0.46891063551990425","","","33","24.247506895968947"
"22","Valley Brook","OK","strict","24","1.3564976707197578","0.14433689432514854","2.136505106206557","0.4292164862983316","4.423930456126194","5950","24.692895086321382","1.3305882352941176","-0.011016019130118808","1.558883098676474","-0.33283267482869044","tail_pct","","33","24.21746133448"
"23","Helena","MT","strict","24","1.8629065580111077","-0.23018827605512335","2.767303435731559","0.6895669698631515","4.795802743046243","6003","24.91284860557769","1.8732300516408462","1.4538528437040252","-1.6111735446644344","0.035210682806369686","tail_pct","tail_pct","33","24.194068029043144"
"24","Guttenberg","NJ","strict","24","1.5928002583255854","-0.13400378026420715","2.1714943036838332","0.03695491500369549","5.871308211948203","5796","24.05378486055777","1.6219806763285025","0.6725270850250894","-0.7970485565927365","1.0996423650055034","","","33","24.067196059951467"
"25","Inwood","NY","strict","24","1.67571221058993","0.09340256581010203","2.2457183870030644","0.02913752913752914","6.498657296390344","5750","23.8628818061089","1.6897391304347826","0.9123631942973052","1.1277646605771352","1.72053204022082","","","33","24.182072501773803"
"26","College Park","GA","strict","24","1.1643668971143628","-0.12019732934153039","1.6810285897355761","0.015382248884786955","4.625169552657144","5829","24.19073705179283","1.1681248927774919","-0.5667850723790916","-0.68018796902808","-0.13366560758600496","","","33","24.218912520742776"
"27","Paulsboro","NJ","strict","24","1.219196028207979","-0.04386406330584728","1.701493934554196","0","5.009040426117561","5601","23.244521912350596","1.2692376361364042","-0.40818302385485017","-0.03408779675225556","0.2462527948763172","","","33","24.24831161764091"
"28","Las Vegas","NV","strict","24","0.7401473455191117","-0.0261344536301923","1.101875299528366","0","4.997444909106231","6025","25.004150066401067","0.7273029045643153","-1.7939081101701402","0.11597919842215436","0.23477666943091116","","","33","24.161206502422303"
"29","La Cienega","NM","strict","24","1.1631601240019842","-0.15325624143251143","1.6064077858392298","0","4.242954178292572","4881","20.256474103585656","1.1616472034419176","-0.5702758570023319","-0.960005274202071","-0.5119455565597832","","","33","24.240495488955744"
"30","Bangor","ME","strict","24","1.6386286429687262","-0.2389264461424373","2.227604903054148","0.05258907096231358","5.320622746838724","5176","21.48074369189907","1.6715610510046368","0.8050930319949349","-1.6851351801609404","0.5546269532405186","","","33","24.281893218091056"
"31","Coronado","CA","strict","24","0.8997055834574336","0.14961236436978606","1.335201876834629","0","7.937340449110705","5512","22.87516600265604","0.9354136429608128","-1.3323603363648642","1.6035357420349137","3.144401999678259","","flagged_pct","33","24.235592749436293"
"32","Bismarck","ND","strict","24","2.3659539079078553","0.007094480537655661","3.0810617120681694","0.28180177525114286","4.8149317096301845","5981","24.821547144754316","2.4121384383882294","2.9089979209092403","0.3972356047752179","0.054142690749075545","tail_pct","mad;rms","33","24.11711660463515"
"33","Edmundson","MO","strict","24","1.7262859277380933","-0.15309931450368555","2.329761267352247","0.0609256828071067","3.715323626522863","5859","24.3152390438247","1.7287933094384706","1.05865577601794","-0.9586770129993901","-1.0341434365698985","","","33","24.118507586503565"
"34","Juneau","AK","strict","24","1.4082063648325651","0.15033368742877623","2.2028616550425406","0.09630271207472076","8.628733852854088","5805","24.091135458167333","1.463049095607235","0.13855966535048903","1.6096411660116916","3.828676571112392","flagged_pct","flagged_pct","33","24.160851788862455"
"35","Carolina","PR","strict","24","0.4857922001474726","-0.03386278516965356","0.8511752528352026","0","5.807329755302953","5664","23.50597609561753","0.4826977401129944","-2.5296711307393305","0.05056504023958128","1.036322653297356","","mad;rms","33","24.261221911388567"
"36","Pierre","SD","strict","24","2.5768131079264","-0.01884811327308739","3.368896686998324","0.7455240594428605","4.640304408225068","5786","24.012284196547146","2.5686138956100932","3.5189419489483362","0.17765225401740545","-0.11868658587219201","mad;tail_pct","mad;rms;tail_pct","33","24.154695426735692"
"38","Gonzales","LA","strict","24","1.0815548264240804","0.0656152781616451","1.6345509856550067","0.1368195586423943","3.4489259461528166","5782","23.995683930942896","1.1022137668626772","-0.806332258191458","0.8925674488090269","-1.2977981917053971","","","33","24.238507019563148"
"39","Waimea","HI","strict","24","0.4737248613024459","0.028615004235583986","0.9023794758770375","0","3.946239531574573","5439","22.572211155378486","0.480419194704909","-2.564577842242556","0.5793896614639181","-0.8056051237785452","","mad","33","24.251772734143955"
"40","Roanoke","VA","strict","24","1.5155833308773619","-0.08068489488552072","2.095793077215045","0.04112436791926413","4.421529857025675","6210","25.77191235059761","1.5257648953301126","0.44916474770981013","-0.3457467478555028","-0.33520855650733977","","","33","24.12478646397226"
"41","Portland","OR","strict","24","0.8897774400474879","-0.04240113111899486","1.2880639144990587","0","6.715996100005902","6138","25.473107569721115","0.8890518084066471","-1.3610790822478018","-0.021705243416841474","1.9356330462397342","","","33","24.077415158227716"
"42","Eugene","OR","strict","24","0.9968780769367352","-0.009323643537721036","1.4730880581393266","0.016559032952475575","6.326951076263836","6220","25.813413014608233","1.0067524115755626","-1.0512733262550116","0.2582692884566159","1.5505937683867286","","","33","24.056582294806322"
"44","Vernon","CA","strict","24","1.3752913622077942","-0.08412384416580107","1.8938301144901033","0","9.392028544270792","5729","23.775730411686588","1.3798219584569733","0.04334774534839991","-0.3748547087463455","4.584112108997521","flagged_pct","flagged_pct","33","24.05769358742608"
"45","Sacramento","CA","strict","24","0.7940674076628691","-0.02129062202726707","1.1563657078897092","0","4.5052707801638565","6058","25.14110225763612","0.7722020468801585","-1.6379356892694188","0.1569783668798763","-0.2523298596877995","","","33","24.12664248314845"
"48","Camden","NJ","strict","24","1.251593078297236","-0.14885897705830065","1.7334817350803968","0","5.4910341179234035","5932","24.61819389110226","1.3113621038435603","-0.3144693645680471","-0.9227859409117617","0.7232837082588986","","","33","24.09371971368089"
"49","Boston","MA","strict","24","1.322095392227071","-0.11892498959261356","1.839452021135344","0.06338679493936378","4.626615099451605","5910","24.526892430278885","1.3575296108291033","-0.11053012292879902","-0.6694186285601343","-0.13223494465530197","","","33","24.23754496017061"
"51","Buffalo","NY","strict","24","1.4636572059997217","0.19422014921134279","2.019768577034926","0.10651083402786929","7.558873867163026","6231","25.859063745019924","1.4748836462847055","0.29896010989678856","1.9811050374126307","2.769832244221769","","bias","33","24.059967922903883"
"52","Charlotte","NC","strict","24","1.431216794767284","-0.24347568884579782","2.01329539403501","0.03759618269746422","4.161409755414299","6199","25.726261620185927","1.4462010001613164","0.20512102155434214","-1.7236408887073524","-0.5926503690670545","","","33","24.14270036904144"
"53","Wilmington","NC","strict","24","1.288866642533539","-0.16762771677956417","1.796222016513821","0.015865460891638903","4.097670465797456","6132","25.448207171314742","1.2938682322243966","-0.20664960660792364","-1.0816483425498598","-0.6557333762955553","","","33","24.170352380545502"
"54","Myrtle Beach","SC","strict","24","1.1858056211566963","-0.10194700965181121","1.6875386557297185","0.03546012068739341","4.20606058843136","6071","25.195053120849938","1.1871190907593476","-0.5047701273482395","-0.5257135791846753","-0.5484592769023007","","","33","24.18519922160675"
"56","Miami","FL","strict","24","0.6670344291137569","-0.03511346924979214","1.0081901771469506","0","5.9714760623986285","6072","25.199203187250994","0.6777009222661396","-2.0053989378411443","0.03997899772356443","1.1987788516531013","","","33","24.146990966920843"
"57","Tampa","FL","strict","24","0.777890061338799","-0.03058765418580486","1.1297139486150842","0","4.293841634797754","5942","24.659694555112882","0.787445304611242","-1.6847312560695347","0.07828641000124392","-0.46158205539976793","","","33","24.193752279492593"
"58","Goulding","FL","strict","24","0.9765652958981085","0.00011647010087956021","1.3711623655364633","0","3.781895220983649","5687","23.601427622841967","0.9831193951116581","-1.1100313007056715","0.3381723158647713","-0.9682572869151518","","","33","24.238788981298054"
"60","Pocatello","ID","strict","24","1.0992441080177662","0.0627952005205492","1.6178841373550543","0.06244332907334556","5.7876103858885575","5627","23.35242363877822","1.1030744624133642","-0.755163176323455","0.8686977423969954","1.0168063215216554","","","33","24.223287069583105"
"61","Hartrandt","WY","strict","24","2.3612438124164603","-0.2706998988529335","3.294462280500532","0.8831735035639139","5.554955031039552","6048","25.099601593625497","2.3462301587301586","2.8953732148674","-1.9540720976570796","0.7865464689265795","tail_pct","mad;rms;tail_pct","33","24.13222630451066"
"62","Yankee Hill","NE","strict","24","1.8466248319217187","-0.018331609158864823","2.561893655361057","0.3312618146743294","4.439510755411944","5682","23.580677290836654","1.8535726856740584","1.4067553417049765","0.18202404910114223","-0.31741279584394816","tail_pct","","33","24.20800789868346"
"63","Little Rock","AR","strict","24","1.317485892825084","-0.05510026263755731","1.9578055035085606","0.12018345422754992","3.9123528835087744","5760","23.904382470119522","1.3180555555555555","-0.12386383866064503","-0.1291932560227877","-0.839142862867491","","","33","24.18269691534739"
"64","St. Paul","MN","strict","24","1.566574261349989","-0.11693741227434437","2.125211950502529","0.058602078804099005","6.365355716854861","6168","25.59760956175299","1.5492866407263295","0.5966641858334506","-0.652595372928115","1.5886029811434923","","","33","24.100380576242095"
"65","Shorewood Hills","WI","strict","24","1.538280576411046","-0.2579914962162426","2.1613213479182236","0.12400829858019015","5.433644690771602","6180","25.647410358565736","1.5695792880258899","0.5148201678431986","-1.8465056124358366","0.6664851830538117","","","33","24.11785030410248"
"66","Windsor Heights","IA","strict","24","1.736035027246497","0.04045211677685574","2.3342833609241245","0.06375565914618411","5.47992103590436","5784","24.003984063745023","1.7472337482710927","1.086856608722355","0.6795813714398656","0.71228505048357","","","33","24.197454354692297"
"67","Jackson","MS","strict","24","1.3202639070644504","-0.1760585779698657","1.831148935020247","0.017316017316017316","3.4870642576691186","5912","24.53519256308101","1.3230717185385656","-0.11582798727279936","-1.1530088535090137","-1.2600525658045096","","","33","24.163621401041027"
"68","Topeka","KS","strict","24","1.7625344266188723","0.03834814934738947","2.4286836946116477","0.2999484748141625","4.26067550434338","5895","24.464641434262948","1.7336726039016115","1.163510368161743","0.6617729664122931","-0.4944066955827956","tail_pct","","33","24.196128304063144"
"69","Speedway","IN","strict","24","1.5941643417633777","0.03530560602637534","2.1607622116544722","0.12113963120001955","4.260063752921275","6137","25.468957503320055","1.5926348378686654","0.6764729149749106","0.6360202655787542","-0.49501214819475103","","","33","24.132428492150666"
"70","Cheviot","OH","strict","24","1.3190920751305648","-0.023516899942347652","1.8587613045667923","0.10353398466065114","4.028739250408532","5982","24.82569721115538","1.3388498829822801","-0.11921769893762671","0.13813470121260316","-0.7239548513824023","","","33","24.193613651665544"
"71","South Charleston","WV","strict","24","1.5218172449437701","-0.16003122652490892","2.2036276711671254","0.10215905704385464","3.4508355637077988","5997","24.887948207171316","1.5577788894447224","0.4671973431848012","-1.0173501156152227","-1.2959082362517238","","","33","24.175659625666796"
"72","Annapolis","MD","strict","24","1.3791353093333243","-0.2200280950781619","1.9328484491192852","0.03012364922958922","5.255112384011462","6182","25.655710491367863","1.405532190229699","0.05446697843431174","-1.5251757219523858","0.489791108401077","","","33","24.138078590987806"
"73","West Fairview","PA","strict","24","1.5258182199941441","-0.17235001926058732","2.1573515262507095","0.09871067547874239","5.269660598612821","6027","25.01245019920319","1.5327692052430728","0.47877080470838856","-1.1216188639880662","0.5041895294122951","","","33","24.176215746206612"
"74","Montpelier","VT","strict","24","1.779459350710379","0.08850173426936059","2.4559031921655428","0.1608209005931425","5.724444641713661","5295","21.974601593625497","1.8217186024551464","1.2124684234598835","1.0862830331397917","0.9542909543073077","","","33","24.30549280988962"
"75","Concord","NH","strict","24","1.7647952810278271","-0.2984741681096858","2.3756471135704644","0.087399161304037","5.166854053871322","5367","22.27340637450199","1.7730575740637227","1.170050251860849","-2.1891591191299216","0.4024415174082307","","","33","24.268712830026658"
"76","Dover","DE","strict","24","1.262504299892187","-0.07997363011176192","1.7537046341395315","0","4.724648750628835","5245","21.767098273572376","1.303527168732126","-0.2829069074883169","-0.3397264592352771","-0.03521068280637056","","","33","24.292479973667028"
"77","Cranston","RI","strict","24","1.28775479784279","-0.08763830169388831","1.7904536392968924","0.03574419507721962","4.259973555695136","5048","20.949535192563083","1.3183438985736926","-0.2098657955585116","-0.4046017866886383","-0.4951014167181807","","","33","24.335153349018327"
"78","Cranston","RI","strict","24","1.2973916169188906","-0.11149985778122383","1.7985827509806924","0.02869242130929211","4.238659676673532","5975","24.796646746347943","1.3350627615062762","-0.18198975199843018","-0.606570814079525","-0.5161958404632476","","","33","24.23147321289673"
"1","Salt Lake City","UT","strict","48","1.4940734484338714","-0.09588837886681444","2.0672303215119823","0.14545454545454545","5.922905724204425","5692","23.622177954847277","1.4915671117357694","-0.6688013831161023","-0.39634145462652226","1.1507086109300864","","","33","48.204299180947515"
"2","Jacksboro","TN","strict","48","1.7446970874437955","0.23026910165442435","2.4017241790745922","0.1596266385023794","4.332022941019361","5592","23.207171314741036","1.7469599427753935","0.04280600327292335","2.9606395182124885","-0.42379387748234804","","bias","33","48.23480183168353"
"3","Oak Ridge","TN","strict","48","1.6744041590907217","0.10579307040294514","2.278907606110837","0.07510353840889229","4.324080307641354","6101","25.319555112881808","1.6985740042615964","-0.15677998639894933","1.679468018426761","-0.43165473068309956","","","33","48.16509121453773"
"4","SeaTac","WA","strict","48","1.0128298147444599","-0.011464757820866355","1.4034762275347938","0","7.211083719515912","6085","25.25315405046481","0.9976992604765818","-2.03521887565167","0.47258998627281884","2.425623067591307","","","33","48.12746920323414"
"5","Vancouver","WA","strict","48","1.2690657334615283","-0.05948032665787182","1.7510989156002241","0.023860653781913623","7.183856309196975","6166","25.589309428950862","1.249108011676938","-1.3076762817544372","-0.021611007456567306","2.398676000369696","","","33","48.07907305990516"
"7","St. George","UT","strict","48","1.3167095899838828","-0.1048858001355556","1.8046104096899411","0.03258390355164549","4.989204617050138","5462","22.66766268260292","1.3051995606005127","-1.1723988579994342","-0.4889475538504653","0.22662122235165633","","","33","48.293527954419496"
"8","Commerce City","CO","strict","48","2.2913197862352157","0.20795153177193018","3.215856939187304","0.9062725575261268","4.0706104051411245","5823","24.165836653386457","2.3274944186845268","1.5948573243874309","2.7309355809126075","-0.6825148169461883","tail_pct","tail_pct","33","48.24394921163502"
"9","North Kansas City","MO","strict","48","1.9364943490191653","-0.024395291633620485","2.676281637868052","0.4109993576923694","4.041464509938706","6320","26.228419654714475","1.9292721518987341","0.5873849127700308","0.3395022646338835","-0.7113606156488058","","","33","48.12636957506927"
"10","Bedford Park","IL","strict","48","2.0424421457735997","-0.08691265747553532","2.776118412324728","0.3770797168721848","5.385588087615034","6152","25.53120849933599","2.0386866059817947","0.8882074331034515","-0.3039587017309744","0.618923387769826","","","33","48.11862599011504"
"11","Rosemont","IL","strict","48","2.0307455289628513","-0.06692960005639065","2.7855725956445085","0.2971757519319767","5.706485605192795","6297","26.13296812749004","2.0279498173733526","0.8549966835062796","-0.09828277049673799","0.9365168304117804","","","33","48.1058213999718"
"12","Romulus","MI","strict","48","1.5393350298349529","-0.059714249267666566","2.1105492712854175","0.018590816136828406","5.157315846377444","5947","24.680444887118195","1.557087607196906","-0.5402880642133218","-0.024018659578918904","0.3930015186900107","","","33","48.18634072424499"
"13","Lynnview","KY","strict","48","1.905193322143923","-0.35837644236918365","2.5809723076261584","0.1663275724844328","4.404884732571874","6303","26.157868525896415","1.8986197049024274","0.4985104474004581","-3.0980039563315276","-0.35168229684160485","","bias","33","48.108447287652886"
"14","View Park-Windsor Hills","CA","strict","48","1.7955406936785743","0.07253865310540485","2.403741179185903","0.06434948028338801","9.007225075335645","5774","23.962483399734396","1.7835122965015586","0.1871686256107589","1.3371964079388272","4.203270713395062","flagged_pct","flagged_pct","33","48.15845595145381"
"15","Guadalupe","AZ","strict","48","1.1297896115807309","-0.10610006655224626","1.5438065420355893","0","5.033118740364583","6260","25.97941567065073","1.1164536741214057","-1.7031294699274375","-0.5014454099483037","0.27008319023882826","","","33","48.118186980836306"
"16","Montgomery","AL","strict","48","1.6905095872910767","-0.012236705896603564","2.3243888086437487","0.17245382827888198","3.515056693172839","5643","23.418824701195216","1.7029948608895977","-0.11105109301281146","0.4646446986218102","-1.232348350369421","","","33","48.23576839862189"
"18","Highland Park","TX","strict","48","2.0927104223538993","0.03183101240268351","2.9848846962808633","0.8297886256044591","4.069751801567838","6077","25.21995351925631","2.121770610498601","1.0309364951221032","0.9182123789053318","-0.6833645800318086","tail_pct","","33","48.168042026723334"
"20","Norfolk","VA","strict","48","1.7501850762850903","0.07088800231696263","2.3911717807178636","0.09306794034213814","4.016012850792077","5911","24.531042496679948","1.7910675012688209","0.058388305929263515","1.32020705886504","-0.7365502154635466","","","33","48.21423739408487"
"21","Myrtle Beach","SC","strict","48","1.4765283215730423","-0.21816086114213992","2.026139075650359","0.03156565656565656","4.286436811989203","5459","22.655212483399733","1.5057702875984613","-0.7186180800510794","-1.6548328920882303","-0.46891063551990425","","","33","48.21950785328756"
"22","Valley Brook","OK","strict","48","1.9406740090490964","0.24840943324709386","2.9668930998631815","0.9907418369358896","4.423930456126194","5950","24.692895086321382","1.9047058823529412","0.5992524164167087","3.147349165037886","-0.33283267482869044","tail_pct","bias;tail_pct","33","48.22110334335006"
"23","Helena","MT","strict","48","2.257940022286695","-0.170378786392174","3.203115643055078","1.3291059495254594","4.795802743046243","6003","24.91284860557769","2.261369315342329","1.5000806039011854","-1.163035139904031","0.035210682806369686","tail_pct","tail_pct","33","48.18244281742669"
"24","Guttenberg","NJ","strict","48","1.8705318114540435","-0.06493970018347574","2.4939104681015176","0.09623369132571587","5.871308211948203","5796","24.05378486055777","1.8997584541062802","0.4000944036156028","-0.07780169491154953","1.0996423650055034","","","33","48.08662702263881"
"25","Inwood","NY","strict","48","1.892561620177916","0.20177666818963969","2.4943277247223796","0.11735625210093639","6.498657296390344","5750","23.8628818061089","1.9069565217391304","0.46264466691309","2.6673807008512993","1.72053204022082","","","33","48.180748715419924"
"26","College Park","GA","strict","48","1.563693515608631","0.004178175822842145","2.213858605039219","0.23312651907851245","4.625169552657144","5829","24.19073705179283","1.5856922285126094","-0.4711258795675433","0.6335951256226523","-0.13366560758600496","","","33","48.19653487610723"
"27","Paulsboro","NJ","strict","48","1.5700209129775748","-0.035414942623160105","2.1144183094101683","0.03804276531549258","5.009040426117561","5601","23.244521912350596","1.6073915372254954","-0.45316020513177824","0.2260823343594277","0.2462527948763172","","","33","48.24814050143148"
"28","Las Vegas","NV","strict","48","1.0908833700552973","-0.04879743527122284","1.533151200918962","0.054439320743668564","4.997444909106231","6025","25.004150066401067","1.0795020746887967","-1.8135977759320343","0.08834281933463237","0.23477666943091116","","","33","48.17344838433365"
"29","La Cienega","NM","strict","48","1.6115364300133652","-0.10827469937312138","2.1148722721642144","0.021265284423179157","4.242954178292572","4881","20.256474103585656","1.6013112067199344","-0.33528326148378484","-0.523827852291562","-0.5119455565597832","","","33","48.22774039345645"
"30","Bangor","ME","strict","48","1.9585437857642527","-0.16555390654075075","2.6146625979386924","0.10387433491457482","5.320622746838724","5176","21.48074369189907","1.999613601236476","0.6499909068235307","-1.1133749885207873","0.5546269532405186","","","33","48.276298360697545"
"31","Coronado","CA","strict","48","1.2218260447859222","0.11107651855806405","1.7423294214178389","0","7.937340449110705","5512","22.87516600265604","1.292089985486212","-1.4418061328932923","1.733847991252681","3.144401999678259","","flagged_pct","33","48.24663461031424"
"32","Bismarck","ND","strict","48","2.746138064350904","-0.07266723251489009","3.5459031523783953","0.6667227994038957","4.8149317096301845","5981","24.821547144754316","2.80404614612941","2.886244072462883","-0.1573374423734785","0.054142690749075545","tail_pct","mad;rms","33","48.12339378278609"
"33","Edmundson","MO","strict","48","2.1931873043040664","-0.24900989693095155","2.9425495359004596","0.44025728162465366","3.715323626522863","5859","24.3152390438247","2.184331797235023","1.316225191908785","-1.972347075751808","-1.0341434365698985","","","33","48.11304084877422"
"34","Juneau","AK","strict","48","1.917783982057165","0.14119778340235353","2.729490596019275","0.19649754224428245","8.628733852854088","5805","24.091135458167333","1.977433247200689","0.5342596952733628","2.0438715810796815","3.828676571112392","flagged_pct","flagged_pct","33","48.15575020124162"
"35","Carolina","PR","strict","48","0.6899742200363257","-0.07764147934151562","1.0545291164732302","0","5.807329755302953","5664","23.50597609561753","0.6965042372881356","-2.951917822482589","-0.20853495568668107","1.036322653297356","","mad;rms","33","48.24633841090187"
"36","Pierre","SD","strict","48","2.8489336770878806","-0.1781388003831612","3.676356272634828","0.8744144748153195","4.640304408225068","5786","24.012284196547146","2.8575872796405117","3.1781164497094756","-1.2429052053554728","-0.11868658587219201","tail_pct","mad;rms;tail_pct","33","48.164045749756696"
"38","Gonzales","LA","strict","48","1.456319713083725","0.10168370329637694","2.0698554841236434","0.1365663032059465","3.4489259461528166","5782","23.995683930942896","1.4761328260117605","-0.7759973245886332","1.6371722931681716","-1.2977981917053971","","","33","48.25959131585573"
"39","Waimea","HI","strict","48","0.7439745175485208","0.07133626142478199","1.1798355290517797","0","3.946239531574573","5439","22.572211155378486","0.7424158852730282","-2.7985922593845234","1.3248207727478138","-0.8056051237785452","","mad;rms","33","48.288423493097575"
"40","Roanoke","VA","strict","48","1.8416752894141815","-0.013178981950135065","2.490801624009861","0.1733796083595315","4.421529857025675","6210","25.77191235059761","1.8563607085346217","0.31816073482767815","0.4549463075936114","-0.33520855650733977","","","33","48.12522299331192"
"41","Portland","OR","strict","48","1.1920464767215386","-0.10493039226298673","1.6302607356537364","0","6.715996100005902","6138","25.473107569721115","1.1823069403714566","-1.5263606493060518","-0.48940651901994564","1.9356330462397342","","","33","48.07750430629895"
"42","Eugene","OR","strict","48","1.3267745285698316","-0.055280963122249116","1.855262731968453","0.0937053576927804","6.326951076263836","6220","25.813413014608233","1.3347266881028939","-1.1438210084812988","0.021611007456567233","1.5505937683867286","","","33","48.06154195948845"
"44","Vernon","CA","strict","48","1.8209228160293616","0.03601070169593701","2.4160070145580543","0.11676542077991449","9.392028544270792","5729","23.775730411686588","1.7802408797346831","0.25923726932850094","0.961231896370967","4.584112108997521","flagged_pct","flagged_pct","33","48.06274620104032"
"45","Sacramento","CA","strict","48","1.2254201121596433","-0.06662725054892624","1.689494583907558","0","4.5052707801638565","6058","25.14110225763612","1.2005612413337736","-1.4316013297852406","-0.09517083345919645","-0.2523298596877995","","","33","48.122074402838855"
"48","Camden","NJ","strict","48","1.6050440002592543","-0.06288942534275778","2.148765729666481","0.03673094582185491","5.4910341179234035","5932","24.61819389110226","1.6603169251517196","-0.353717520067247","-0.056699209025341174","0.7232837082588986","","","33","48.104111287688305"
"49","Boston","MA","strict","48","1.6678488607427713","0.02138279168892002","2.2546865168926806","0.11721542340897952","4.626615099451605","5910","24.526892430278885","1.7062605752961082","-0.17539275071285584","0.8106739036875529","-0.13223494465530197","","","33","48.241951755464434"
"51","Buffalo","NY","strict","48","1.8016396348376973","0.26299938795425337","2.41982150581255","0.05674545522593728","7.558873867163026","6231","25.859063745019924","1.8197721072059059","0.20448563367563713","3.297516502203492","2.769832244221769","","bias","33","48.06167999330842"
"52","Charlotte","NC","strict","48","1.7177607108246906","-0.17670782894413614","2.3519300405195187","0.17281755811561683","4.161409755414299","6199","25.726261620185927","1.7315696080012906","-0.03367570707345246","-1.2281769094236847","-0.5926503690670545","","","33","48.15159371237824"
"53","Wilmington","NC","strict","48","1.6009615683321996","-0.15523445771153796","2.1915354774280535","0.09117574289359533","4.097670465797456","6132","25.448207171314742","1.6071428571428572","-0.36530895942707325","-1.0071618999401093","-0.6557333762955553","","","33","48.17762790189937"
"54","Myrtle Beach","SC","strict","48","1.484260336892843","-0.16812152586140172","2.0493989164884354","0.03156565656565656","4.20606058843136","6071","25.195053120849938","1.4898698731675177","-0.6966642083613243","-1.1398022505634797","-0.5484592769023007","","","33","48.183476340996066"
"56","Miami","FL","strict","48","0.9075958319115355","-0.19476182341481185","1.2866805068392255","0","5.9714760623986285","6072","25.199203187250994","0.9313241106719368","-2.3340146308281384","-1.4139979300697296","1.1987788516531013","","","33","48.15245920408833"
"57","Tampa","FL","strict","48","1.0536298339153085","-0.01863079752591458","1.45623583554981","0","4.293841634797754","5942","24.659694555112882","1.0738808481992594","-1.9193734784597472","0.3988334104554836","-0.46158205539976793","","","33","48.19306790933746"
"58","Goulding","FL","strict","48","1.236769417464464","0.0005590519905428101","1.690138322744413","0.04887585532746823","3.781895220983649","5687","23.601427622841967","1.264990328820116","-1.3993767179441576","0.5963452369370977","-0.9682572869151518","","","33","48.22872877451234"
"60","Pocatello","ID","strict","48","1.5762781934527703","-0.08270279021524926","2.1732861991950614","0.12121508517555388","5.7876103858885575","5627","23.35242363877822","1.586991291985072","-0.43539361686242267","-0.26062857706735215","1.0168063215216554","","","33","48.230553263874285"
"61","Hartrandt","WY","strict","48","2.911174364553005","-0.4129550825430034","3.876283827481","1.663714129210583","5.554955031039552","6048","25.099601593625497","2.876984126984127","3.3548393363018274","-3.6597554645113584","0.7865464689265795","bias;tail_pct","mad;bias;rms;tail_pct","33","48.14129531376238"
"62","Yankee Hill","NE","strict","48","2.2661444874906254","-0.03042158244781878","3.029830135144303","0.47950710887098574","4.439510755411944","5682","23.580677290836654","2.2738472368884195","1.5233759245802425","0.2774765721134238","-0.31741279584394816","","","33","48.193831679775265"
"63","Little Rock","AR","strict","48","1.741481454634865","-0.08941330963126655","2.4920208359672817","0.49010765818900953","3.9123528835087744","5760","23.904382470119522","1.728125","0.03367570707345246","-0.3296967031806512","-0.839142862867491","","","33","48.1831724037163"
"64","St. Paul","MN","strict","48","1.9691827509665434","-0.13372402968051195","2.6501736727348857","0.200201930955485","6.365355716854861","6168","25.59760956175299","1.9628728923476004","0.6801986168838976","-0.7857654827787525","1.5886029811434923","","","33","48.095725257077156"
"65","Shorewood Hills","WI","strict","48","1.9738074921968913","-0.007439967065320048","2.7119284831086103","0.4231680111973095","5.433644690771602","6180","25.647410358565736","2.0040453074433655","0.6933298603398399","0.5140152081148408","0.6664851830538117","","","33","48.109683216318906"
"66","Windsor Heights","IA","strict","48","2.1380254706585227","0.03526339665993969","2.851652259371422","0.2899131245185214","5.47992103590436","5784","24.003984063745023","2.1395228215767634","1.1596016250976064","0.9535402475921605","0.71228505048357","","","33","48.20844980521632"
"67","Jackson","MS","strict","48","1.6987154964827826","-0.10113982239339599","2.292020676500815","0.0760381593714927","3.4870642576691186","5912","24.53519256308101","1.7138024357239512","-0.08775167235192033","-0.4503920193123287","-1.2600525658045096","","","33","48.17236764401144"
"68","Topeka","KS","strict","48","2.1728903864152653","-0.0736098933664482","2.917695311624751","0.3652772046944055","4.26067550434338","5895","24.464641434262948","2.1638676844783715","1.258595206374857","-0.16703979394138843","-0.4944066955827956","","","33","48.18474235319096"
"69","Speedway","IN","strict","48","2.021852401737754","0.09707779789240732","2.704458517606197","0.19416720041484933","4.260063752921275","6137","25.468957503320055","2.0120580087990874","0.8297460126339047","1.589765939712435","-0.49501214819475103","","","33","48.1188969962235"
"70","Cheviot","OH","strict","48","1.8215153625002767","0.06998685494245208","2.4833186705387553","0.19729779900386768","4.028739250408532","5982","24.82569721115538","1.819291206954196","0.2609197141575191","1.3109319854093548","-0.7239548513824023","","","33","48.20572550865668"
"71","South Charleston","WV","strict","48","1.8465143495660266","-0.11176939528882568","2.575775606559346","0.30886674447183277","3.4508355637077988","5997","24.887948207171316","1.8806069701517425","0.3319005039924592","-0.5597970646981852","-1.2959082362517238","","","33","48.181887797823364"
"72","Annapolis","MD","strict","48","1.691556643134435","-0.17226324441055121","2.316689795790582","0.11143018042653415","5.255112384011462","6182","25.655710491367863","1.7180524102232286","-0.10807813852599976","-1.182430953551158","0.489791108401077","","","33","48.13254656000747"
"73","West Fairview","PA","strict","48","1.785772034033119","-0.06932036814927876","2.421883942719961","0.17375186410114693","5.269660598612821","6027","25.01245019920319","1.7950887672142029","0.15943201470570706","-0.12288978850984587","0.5041895294122951","","","33","48.17359484266214"
"74","Montpelier","VT","strict","48","2.05230953446526","0.14994451929825175","2.7559706639492725","0.2713401819813979","5.724444641713661","5295","21.974601593625497","2.0931067044381493","0.9162243699937467","2.1338974971802513","0.9542909543073077","","","33","48.30025219456281"
"75","Concord","NH","strict","48","2.0043081265918268","-0.2518816298510861","2.6482859679524555","0.18170034351208794","5.166854053871322","5367","22.27340637450199","2.025153717160425","0.7799317340127688","-2.0019044317767585","0.4024415174082307","","","33","48.28592041831728"
"76","Dover","DE","strict","48","1.6283732850192345","0.012126645519809536","2.207909728218498","0.05056031831428407","4.724648750628835","5245","21.767098273572376","1.6777883698760725","-0.28747759385774263","0.7154048743773477","-0.03521068280637056","","","33","48.305193701322786"
"77","Cranston","RI","strict","48","1.5893441713059482","-0.03161155568870934","2.1595598961932123","0.11532631833818231","4.259973555695136","5048","20.949535192563083","1.6152931854199684","-0.3982947765956088","0.26522875390771183","-0.4951014167181807","","","33","48.33052852594777"
"78","Cranston","RI","strict","48","1.5980378430923952","-0.05400969062373594","2.1646996785796535","0.09302211099780078","4.238659676673532","5975","24.796646746347943","1.6286192468619247","-0.37361042885204826","0.03469559954374566","-0.5161958404632476","","","33","48.20895891162715"
"1","Salt Lake City","UT","strict","72","1.8330423238444464","-0.04539739037278191","2.489502998925861","0.19391178598546946","5.922905724204425","5692","23.622177954847277","1.8397751229796204","-0.3680790529788898","0.01858506276906717","1.1507086109300864","","","33","72.17161234210667"
"2","Jacksboro","TN","strict","72","1.9953947952067017","0.19582113958627195","2.690673206801063","0.15198523819991197","4.332022941019361","5592","23.207171314741036","1.9974964234620887","-0.0053279471697404695","1.9827773496015726","-0.42379387748234804","","","33","72.23389683227487"
"3","Oak Ridge","TN","strict","72","1.9283962766418228","0.08248335191513484","2.5988138563143903","0.12025685493181182","4.324080307641354","6101","25.319555112881808","1.94279626290772","-0.15502561726406186","1.0598913325609398","-0.43165473068309956","","","33","72.16914126384839"
"4","SeaTac","WA","strict","72","1.2777809672172835","0.014384537641504179","1.7421982019290438","0","7.211083719515912","6085","25.25315405046481","1.2718159408381264","-1.6087233711067108","0.5053768607191212","2.425623067591307","","","33","72.12745374135761"
"5","Vancouver","WA","strict","72","1.614889401221423","-0.01553472531687756","2.1833579829752012","0.05472369959376636","7.183856309196975","6166","25.589309428950862","1.6047680830360038","-0.8555075057335509","0.26175052927376147","2.398676000369696","","","33","72.08225841275382"
"7","St. George","UT","strict","72","1.5157475467059716","-0.13129587707890694","2.051202864558857","0","4.989204617050138","5462","22.66766268260292","1.5021969974368363","-1.0770244130875768","-0.6808684372062257","0.22662122235165633","","","33","72.27592753294316"
"8","Commerce City","CO","strict","72","2.7148032853426756","0.2865361554400115","3.7534086715102726","1.859039807733739","4.0706104051411245","5823","24.165836653386457","2.7674738107504724","1.6020773675484072","2.721450844005379","-0.6825148169461883","tail_pct","bias;tail_pct","33","72.23771393097002"
"9","North Kansas City","MO","strict","72","2.4104527279580177","-0.08988436764395273","3.2831570757711632","0.942109240675701","4.041464509938706","6320","26.228419654714475","2.404746835443038","0.9220538340687505","-0.3436631344791266","-0.7113606156488058","","","33","72.11884088520975"
"10","Bedford Park","IL","strict","72","2.437849026679956","-0.12155794653374331","3.2400333278615148","0.5261691593558357","5.385588087615034","6152","25.53120849933599","2.448634590377113","0.9832665619876639","-0.6015744954440906","0.618923387769826","","","33","72.12548872884193"
"11","Rosemont","IL","strict","72","2.438406017511922","-0.08315174222440533","3.2713211138754272","0.5473580721989334","5.706485605192795","6297","26.13296812749004","2.4497379704621247","0.9845110705468868","-0.28884076688799576","0.9365168304117804","","","33","72.10140746058948"
"12","Romulus","MI","strict","72","1.9041917684637548","-0.07063490473515702","2.567541553499234","0.12286658582815267","5.157315846377444","5947","24.680444887118195","1.931730284176896","-0.20910679036532964","-0.18691876422886844","0.3930015186900107","","","33","72.18550110032301"
"13","Lynnview","KY","strict","72","2.322015871643716","-0.3847012916092347","3.1493210381407555","0.6401543728378858","4.404884732571874","6303","26.157868525896415","2.303506266857052","0.7244555643712303","-2.7442959887568996","-0.35168229684160485","","bias","33","72.1006644401167"
"14","View Park-Windsor Hills","CA","strict","72","1.966911654125446","0.12203965841870416","2.587766204263359","0.04085727848681167","9.007225075335645","5774","23.962483399734396","2","-0.06896905369216078","1.3819901039243256","4.203270713395062","flagged_pct","flagged_pct","33","72.14628257752906"
"15","Guadalupe","AZ","strict","72","1.322817222416107","-0.11117741560009631","1.8005898258673019","0","5.033118740364583","6260","25.97941567065073","1.2988817891373803","-1.5080969301428169","-0.517047992457124","0.27008319023882826","","","33","72.12631861237885"
"16","Montgomery","AL","strict","72","1.963944373451835","0.001124847839742685","2.6832101866483846","0.25374155751670036","3.515056693172839","5643","23.418824701195216","1.9716462874357612","-0.07559897645568218","0.3974059662823109","-1.232348350369421","","","33","72.24388284483258"
"18","Highland Park","TX","strict","72","2.340512497638562","0.04910839497652179","3.3088900852304737","1.2217623111948466","4.069751801567838","6077","25.21995351925631","2.370413032746421","0.7657833709458369","0.7881260042367912","-0.6833645800318086","","","33","72.16292696562888"
"20","Norfolk","VA","strict","72","2.1490553821400455","0.11609549872960889","2.8937198285329444","0.4278937152684157","4.016012850792077","5911","24.531042496679948","2.2158687193368296","0.3380025076219216","1.3335880486800478","-0.7365502154635466","","","33","72.20717916271124"
"21","Myrtle Beach","SC","strict","72","1.7360462044391056","-0.19491741234348633","2.3730184044013263","0.13806059919625038","4.286436811989203","5459","22.655212483399733","1.7799963363253344","-0.5848016521376963","-1.1989253578927979","-0.46891063551990425","","","33","72.23810141080287"
"22","Valley Brook","OK","strict","72","2.3443626965768303","0.22537002301926554","3.413837249892262","1.391646170496372","4.423930456126194","5950","24.692895086321382","2.3127731092436976","0.7743860359420828","2.223387757655426","-0.33283267482869044","","","33","72.208741778028"
"23","Helena","MT","strict","72","2.6318898032581655","-0.12058195780335584","3.641485191687425","1.767912143331706","4.795802743046243","6003","24.91284860557769","2.6440113276694985","1.416820210325757","-0.5936272223362248","0.035210682806369686","tail_pct","tail_pct","33","72.18598948881366"
"24","Guttenberg","NJ","strict","72","2.2100688124051087","-0.016130040245407436","2.9293445611074875","0.16211346184744332","5.871308211948203","5796","24.05378486055777","2.24447895100069","0.4743274376470189","0.2569030037082375","1.0996423650055034","","","33","72.06801934790114"
"25","Inwood","NY","strict","72","2.106858793468015","0.31305973036857965","2.772554759390946","0.15533529630599374","6.498657296390344","5750","23.8628818061089","2.138434782608696","0.2437208556475651","2.9374267945377075","1.72053204022082","","bias","33","72.18513324974295"
"26","College Park","GA","strict","72","1.8281755471403724","-0.007825965088027341","2.5708613683481327","0.4680239557107978","4.625169552657144","5829","24.19073705179283","1.8522902727740607","-0.3789531013768958","0.3245213594629638","-0.13366560758600496","","","33","72.20064716986789"
"27","Paulsboro","NJ","strict","72","1.947198467434727","0.0008104223555532123","2.6223295567114238","0.2794296986216178","5.009040426117561","5601","23.244521912350596","1.9919657204070702","-0.1130150741258423","0.3948456650030793","0.2462527948763172","","","33","72.24709242020653"
"28","Las Vegas","NV","strict","72","1.300691833361023","-0.0522840259947582","1.7941498680018153","0.03248060313277704","4.997444909106231","6025","25.004150066401067","1.2974273858921161","-1.5575326380125238","-0.037491377847695996","0.23477666943091116","","","33","72.16125881714332"
"29","La Cienega","NM","strict","72","1.8749007442231074","-0.041480141214229535","2.4517175742200115","0.016559032952475575","4.242954178292572","4881","20.256474103585656","1.8619135423069044","-0.2745529849592464","0.050482407405632916","-0.5119455565597832","","","33","72.22769007989655"
"30","Bangor","ME","strict","72","2.2944542482458057","-0.1437615988385379","3.0733724260130213","0.5298141935224577","5.320622746838724","5176","21.48074369189907","2.3338485316846986","0.6628734444219826","-0.7823742151173319","0.5546269532405186","","","33","72.29104706673074"
"31","Coronado","CA","strict","72","1.165948787565843","-0.011341425467777083","1.5898536615188255","0","7.937340449110705","5512","22.87516600265604","1.1884978229317853","-1.858594817430988","0.29589569723153475","3.144401999678259","","flagged_pct","33","72.23334611333723"
"32","Bismarck","ND","strict","72","3.1187004634688256","-0.14137093402895975","4.0035345717956075","1.5816296015564202","4.8149317096301845","5981","24.821547144754316","3.19528506938639","2.5045221949606153","-0.7629075291203135","0.054142690749075545","tail_pct","mad;tail_pct","33","72.11919358391866"
"33","Edmundson","MO","strict","72","2.6633511098744633","-0.3208588950109187","3.5596825949743187","1.1882738899419134","3.715323626522863","5859","24.3152390438247","2.648916197303294","1.4871155601255017","-2.2244406401955756","-1.0341434365698985","","","33","72.11272537550752"
"34","Juneau","AK","strict","72","2.169260319131499","0.11600932177465724","3.037646246658256","0.551928592562277","8.628733852854088","5805","24.091135458167333","2.20947459086994","0.3831472668914001","1.332886327671104","3.828676571112392","flagged_pct","flagged_pct","33","72.14616930289486"
"35","Carolina","PR","strict","72","0.8159178766032369","-0.08485397714630774","1.1871033951306311","0","5.807329755302953","5664","23.50597609561753","0.8225635593220338","-2.640683928570869","-0.30270171158633713","1.036322653297356","","mad;rms","33","72.2439604126296"
"36","Pierre","SD","strict","72","3.1962576218641185","-0.20438416327594072","4.129572523592057","1.8214540276439823","4.640304408225068","5786","24.012284196547146","3.222606291047356","2.677811487912201","-1.2760111405067938","-0.11868658587219201","tail_pct","mad;rms;tail_pct","33","72.13906597388873"
"38","Gonzales","LA","strict","72","1.7314666501740406","0.09098192786956147","2.4324835311512807","0.24719898136305277","3.4489259461528166","5782","23.995683930942896","1.74766516776202","-0.5950339470933959","1.1290934678263296","-1.2977981917053971","","","33","72.25521650893873"
"39","Waimea","HI","strict","72","0.8880713780268201","0.09881505322522777","1.3043366380582497","0","3.946239531574573","5439","22.572211155378486","0.8819635962493105","-2.4794682586781356","1.1928769773602101","-0.8056051237785452","","mad;rms","33","72.27594595328287"
"40","Roanoke","VA","strict","72","2.2000861751443113","0.03706413795292796","2.938151729332482","0.3497906530582848","4.421529857025675","6210","25.77191235059761","2.2270531400966185","0.4520228020916666","0.6900521259556037","-0.33520855650733977","","","33","72.13471626436765"
"41","Portland","OR","strict","72","1.5403707091483891","-0.10513586285675561","2.077797915243188","0.02948032359797066","6.715996100005902","6138","25.473107569721115","1.5391006842619745","-1.0220078227667848","-0.4678528858416583","1.9356330462397342","","","33","72.08118534175952"
"42","Eugene","OR","strict","72","1.6906973461706132","-0.009376280524304342","2.2814063890419707","0.13026944455361178","6.326951076263836","6220","25.813413014608233","1.70016077170418","-0.6861265555780175","0.31189746351844594","1.5505937683867286","","","33","72.0605800705655"
"44","Vernon","CA","strict","72","1.9466626599319985","-0.04665385704870376","2.5640869739960257","0.03358531395914573","9.392028544270792","5729","23.775730411686588","1.97015185896317","-0.11421225186194148","0.008353916124044907","4.584112108997521","flagged_pct","flagged_pct","33","72.06332017589993"
"45","Sacramento","CA","strict","72","1.512697035482901","-0.03436164310957972","2.053063982562013","0.030921459492888066","4.5052707801638565","6058","25.14110225763612","1.4844833278309673","-1.0838403014455862","0.10844685596337181","-0.2523298596877995","","","33","72.1242699118864"
"48","Camden","NJ","strict","72","1.9871981257767177","-0.04613964331120353","2.661882637278372","0.23208551317990228","5.4910341179234035","5932","24.61819389110226","2.0458530006743088","-0.02364211802732067","0.012541051569869574","0.7232837082588986","","","33","72.11128341671144"
"49","Boston","MA","strict","72","2.0363593892451215","0.023223312704074427","2.7586174753837036","0.32491979616027905","4.626615099451605","5910","24.526892430278885","2.0717428087986463","0.08620100623499594","0.5773491665195709","-0.13223494465530197","","","33","72.22590554418537"
"51","Buffalo","NY","strict","72","2.1368989853298648","0.31617296704592046","2.85540474356149","0.30712337811687057","7.558873867163026","6231","25.859063745019924","2.164018616594447","0.3108409476619967","2.9627772328715904","2.769832244221769","","bias","33","72.05602530301799"
"52","Charlotte","NC","strict","72","2.051964081075304","-0.17076529074142524","2.7530397226457874","0.2640041092934401","4.161409755414299","6199","25.726261620185927","2.0621067914179707","0.12106723998994307","-1.0022596582491516","-0.5926503690670545","","","33","72.14238420182444"
"53","Wilmington","NC","strict","72","1.8903221345332946","-0.12973168698273302","2.5856139148811574","0.3053949895987366","4.097670465797456","6132","25.448207171314742","1.9059034572733202","-0.2400963096700062","-0.6681315627937743","-0.6557333762955553","","","33","72.15985588753112"
"54","Myrtle Beach","SC","strict","72","1.742082844147013","-0.11813487426816552","2.3912376208870016","0.15107973723995136","4.20606058843136","6071","25.195053120849938","1.7544061933783561","-0.571313728541333","-0.5737011303984638","-0.5484592769023007","","","33","72.17816222150965"
"56","Miami","FL","strict","72","1.017798635058743","-0.19025913331938177","1.4278394804173455","0.017465723517596718","5.9714760623986285","6072","25.199203187250994","1.0416666666666667","-2.1896130717070905","-1.160993961284863","1.1987788516531013","","mad;rms","33","72.15424471333029"
"57","Tampa","FL","strict","72","1.2731461477632031","-0.06557848764755207","1.7727555598660245","0.028071483624241115","4.293841634797754","5942","24.659694555112882","1.3059575900370246","-1.6190791474499115","-0.14574541223071305","-0.46158205539976793","","","33","72.17943409851289"
"58","Goulding","FL","strict","72","1.4276810395980328","0.03416541279270887","1.9713775209150515","0.07351246532993189","3.781895220983649","5687","23.601427622841967","1.465623351503429","-1.2737951956331215","0.6664484102613071","-0.9682572869151518","","","33","72.22020711954897"
"60","Pocatello","ID","strict","72","1.9900648070144191","-0.13458824272662726","2.6743206343937866","0.3254491984715316","5.7876103858885575","5627","23.35242363877822","2.021858894615248","-0.01723696890791969","-0.7076774854654215","1.0168063215216554","","","33","72.20278195309481"
"61","Hartrandt","WY","strict","72","3.259433300342783","-0.5680983360958647","4.320192435478274","2.682683640629279","5.554955031039552","6048","25.099601593625497","3.229001322751323","2.818967622069496","-4.237659953248616","0.7865464689265795","bias;tail_pct","mad;bias;rms;tail_pct","33","72.14855587999179"
"62","Yankee Hill","NE","strict","72","2.6713968720026484","-0.16038538021764454","3.5025294734963714","0.6849503399757157","4.439510755411944","5682","23.580677290836654","2.706265399507216","1.5050925523116216","-0.9177382071306059","-0.31741279584394816","","","33","72.1806966232328"
"63","Little Rock","AR","strict","72","2.0782865685120133","-0.14898729611963696","2.8743653640003815","0.5420480937673138","3.9123528835087744","5760","23.904382470119522","2.0788194444444446","0.17988070519435134","-0.8249259805003591","-0.839142862867491","","","33","72.17648565065016"
"64","St. Paul","MN","strict","72","2.3511345581980616","-0.1877198942107084","3.1425920497711326","0.5136101505503797","6.365355716854861","6168","25.59760956175299","2.376134889753567","0.7895166974643645","-1.140317465691733","1.5886029811434923","","","33","72.1002240341702"
"65","Shorewood Hills","WI","strict","72","2.3831908610248633","-0.06924084319880967","3.1730427935533427","0.3766975629731286","5.433644690771602","6180","25.647410358565736","2.4362459546925566","0.8611414728743355","-0.17556721127177127","0.6664851830538117","","","33","72.11877664510565"
"66","Windsor Heights","IA","strict","72","2.578282879451553","-0.029758041177208296","3.3785997688590155","0.5974368228096825","5.47992103590436","5784","24.003984063745023","2.6094398340248963","1.2970439560642137","0.1459330283927705","0.71228505048357","","","33","72.20817510966208"
"67","Jackson","MS","strict","72","1.9739133218510134","-0.1314703317324039","2.690671322120964","0.33763126357428175","3.4870642576691186","5912","24.53519256308101","1.9869756427604872","-0.053324926512287985","-0.6822889851419872","-1.2600525658045096","","","33","72.16991009247587"
"68","Topeka","KS","strict","72","2.6059029847864164","-0.10182634725723021","3.5100560730977177","0.9998840157745311","4.26067550434338","5895","24.464641434262948","2.607972858354538","1.3587567447191584","-0.44090418909417745","-0.4944066955827956","","","33","72.20500231503073"
"69","Speedway","IN","strict","72","2.436643162925936","0.07200792781592892","3.2260399664737243","0.550852611783563","4.260063752921275","6137","25.468957503320055","2.4234968225517353","0.980572248765601","0.9745921342760804","-0.49501214819475103","","","33","72.12075553356058"
"70","Cheviot","OH","strict","72","2.2307918146052","0.05405016770773505","3.011413961547747","0.515720958053264","4.028739250408532","5982","24.82569721115538","2.233032430625209","0.5206297322822226","0.8283658311007387","-0.7239548513824023","","","33","72.21326173406129"
"71","South Charleston","WV","strict","72","2.257222910474532","-0.1337158351021071","3.076334394216274","0.52088170405308","3.4508355637077988","5997","24.887948207171316","2.2656328164082042","0.5796858659763893","-0.7005736517452374","-1.2959082362517238","","","33","72.18999818421112"
"72","Annapolis","MD","strict","72","1.957737590066332","-0.11483975624640685","2.6619063082255168","0.38030614447135797","5.255112384011462","6182","25.655710491367863","1.9970883209317374","-0.08946705938486178","-0.5468696701303003","0.489791108401077","","","33","72.13648492085979"
"73","West Fairview","PA","strict","72","2.126529599301226","0.026127687142027508","2.8648268899528633","0.328896063028634","5.269660598612821","6027","25.01245019920319","2.1410320225651236","0.2876721827094903","0.6009988831067224","0.5041895294122951","","","33","72.1670998408993"
"74","Montpelier","VT","strict","72","2.356018422794697","0.22215374361321727","3.181100734946351","0.7679052005497683","5.724444641713661","5295","21.974601593625497","2.4239848914069877","0.800428926075278","2.197198263827027","0.9542909543073077","","","33","72.31413962462271"
"75","Concord","NH","strict","72","2.313534255513169","-0.2351402076964377","3.060903274373763","0.45195059284219047","5.166854053871322","5367","22.27340637450199","2.3324017141792437","0.705504724851581","-1.5264512092464244","0.4024415174082307","","","33","72.28909946436978"
"76","Dover","DE","strict","72","2.0001639351290486","0.0639182089834053","2.7068798949659385","0.39331096188806597","4.724648750628835","5245","21.767098273572376","2.068636796949476","0.0053279471697409665","0.9087192374626235","-0.03521068280637056","","","33","72.304692655638"
"77","Cranston","RI","strict","72","1.9377389031384669","-0.04870571254203021","2.6128663008002184","0.18932430591017413","4.259973555695136","5048","20.949535192563083","1.9720681458003169","-0.1341509852711952","-0.008353916124044963","-0.4951014167181807","","","33","72.32310809779034"
"78","Cranston","RI","strict","72","1.941690322609962","-0.08068231442745961","2.618911231901001","0.15473627280944596","4.238659676673532","5975","24.796646746347943","1.9782426778242679","-0.1253221588863946","-0.2687327302770691","-0.5161958404632476","","","33","72.20601252222006"
"1","Salt Lake City","UT","strict","96","2.2074611308548766","-0.06284720259026763","3.028527206663528","0.6163897115152854","5.922905724204425","5692","23.622177954847277","2.233134223471539","-0.3531252171275788","-0.00676626974811285","1.1507086109300864","","","33","96.20848593174726"
"2","Jacksboro","TN","strict","96","2.349603331446569","0.19355360300165123","3.154372424022996","0.5213458519522571","4.332022941019361","5592","23.207171314741036","2.3467453505007154","-0.052270392692828675","1.676215913974098","-0.42379387748234804","","","33","96.24561190746243"
"3","Oak Ridge","TN","strict","96","2.244852333290906","0.04180067307449187","3.0424021103617367","0.38061659734879005","4.324080307641354","6101","25.319555112881808","2.2501229306671036","-0.2739838812155946","0.6801290381725509","-0.43165473068309956","","","33","96.17103541521571"
"4","SeaTac","WA","strict","96","1.5590360975475241","-0.024673821552925152","2.0765444472753494","0.009018759018759018","7.211083719515912","6085","25.25315405046481","1.5534921939194741","-1.7255663271055983","0.2437989343274844","2.425623067591307","","","33","96.13408227581672"
"5","Vancouver","WA","strict","96","1.9662627772336227","-0.04178165004551171","2.615007551706262","0.19153294258263442","7.183856309196975","6166","25.589309428950862","1.9639961076873176","-0.86363995540098","0.13150533022304453","2.398676000369696","","","33","96.07984947501039"
"7","St. George","UT","strict","96","1.7843581713541747","-0.15549254530657133","2.418875530771535","0.13891084739710055","4.989204617050138","5462","22.66766268260292","1.7570487001098498","-1.2486549476968876","-0.6148784823303796","0.22662122235165633","","","33","96.29727165909999"
"8","Commerce City","CO","strict","96","3.0974948838629817","0.2762830129502038","4.189168818451689","2.220800299956277","4.0706104051411245","5823","24.165836653386457","3.144942469517431","1.5306992022750385","2.219241208656141","-0.6825148169461883","","","33","96.26343812146106"
"9","North Kansas City","MO","strict","96","2.8699485563449287","-0.16741383737035428","3.8334690905684887","1.6262829747794514","4.041464509938706","6320","26.228419654714475","2.8776898734177214","1.0490800199966892","-0.6931283228641413","-0.7113606156488058","","","33","96.12107415660323"
"10","Bedford Park","IL","strict","96","2.822872764888393","-0.1307778641391342","3.7264473235115716","1.0224514097133046","5.385588087615034","6152","25.53120849933599","2.844115734720416","0.9494405117097269","-0.4526544675300045","0.618923387769826","","","33","96.12867345384325"
"11","Rosemont","IL","strict","96","2.858561255541077","-0.11164681554435932","3.7727301258152317","1.2703838474331184","5.706485605192795","6297","26.13296812749004","2.886453866920756","1.0249779280784028","-0.32708070473857925","0.9365168304117804","","","33","96.10740454634649"
"12","Romulus","MI","strict","96","2.34534549776051","-0.08123133915128292","3.1467790507101623","0.526474568202324","5.157315846377444","5947","24.680444887118195","2.399192870354801","-0.06128242290454088","-0.12743739721932856","0.3930015186900107","","","33","96.18470300186561"
"13","Lynnview","KY","strict","96","2.693550179904603","-0.4308296168568413","3.6234225792519807","1.2579323107259615","4.404884732571874","6303","26.157868525896415","2.6685705219736633","0.6757193828768574","-2.422155900463253","-0.35168229684160485","","bias","33","96.10933118365992"
"14","View Park-Windsor Hills","CA","strict","96","2.1001094504250704","0.06464067498045901","2.7639425617723052","0.11643393909015676","9.007225075335645","5774","23.962483399734396","2.1434014547973677","-0.5803432483247996","0.8300478974178807","4.203270713395062","flagged_pct","flagged_pct","33","96.15107827604135"
"15","Guadalupe","AZ","strict","96","1.5833847103663323","-0.14514030644720802","2.1759776884081714","0.14118301789534665","5.033118740364583","6260","25.97941567065073","1.5482428115015974","-1.6740306283170683","-0.5469277068960987","0.27008319023882826","","","33","96.12168472550334"
"16","Montgomery","AL","strict","96","2.2550191790582494","-0.009083187215565515","3.0890272677989934","0.6917797702514872","3.515056693172839","5643","23.418824701195216","2.265638844586213","-0.2524649756009581","0.34613386951667","-1.232348350369421","","","33","96.22816377201791"
"18","Highland Park","TX","strict","96","2.5998308231900973","0.02519797260281708","3.6438787693258865","1.5795725113868442","4.069751801567838","6077","25.21995351925631","2.6592068454829687","0.47735520606582066","0.5711510299677838","-0.6833645800318086","","","33","96.15602689978662"
"20","Norfolk","VA","strict","96","2.5577195794646954","0.15679548292432405","3.4280305338154538","1.137084456753804","4.016012850792077","5911","24.531042496679948","2.626289967856539","0.38822354224609484","1.4349403023220684","-0.7365502154635466","","","33","96.19919524645509"
"21","Myrtle Beach","SC","strict","96","2.0123249216716546","-0.1713300129939482","2.7125109540998484","0.3331856844192535","4.286436811989203","5459","22.655212483399733","2.0463454845209745","-0.7661459084514768","-0.7188336001452339","-0.46891063551990425","","","33","96.2086287342059"
"22","Valley Brook","OK","strict","96","2.6894478561401236","0.13225957968169158","3.837629476858838","1.6349729686292964","4.423930456126194","5950","24.692895086321382","2.6905882352941175","0.6670365012920829","1.2738897630168053","-0.33283267482869044","","","33","96.21211090502499"
"23","Helena","MT","strict","96","3.044489377957507","-0.1326457269270436","4.197137190996463","2.889773406346802","4.795802743046243","6003","24.91284860557769","3.0541395968682323","1.4185090004427565","-0.4649148806220463","0.035210682806369686","","tail_pct","33","96.19698293044796"
"24","Guttenberg","NJ","strict","96","2.581017585247031","0.009610543862185385","3.4160582376868236","0.8056020719819899","5.871308211948203","5796","24.05378486055777","2.6423395445134576","0.43753555099611297","0.46883713590664333","1.0996423650055034","","","33","96.07621903867484"
"25","Inwood","NY","strict","96","2.419049569794858","0.374280707359706","3.174229847123111","0.4626418609377323","6.498657296390344","5750","23.8628818061089","2.451304347826087","0.09471787510488751","2.8624855750546683","1.72053204022082","","bias","33","96.15474643844092"
"26","College Park","GA","strict","96","2.164684344077087","-0.021158532899803528","2.97431970091813","0.6210319937334495","4.625169552657144","5829","24.19073705179283","2.1952307428375364","-0.4436655536521477","0.266872840667937","-0.13366560758600496","","","33","96.20561787825231"
"27","Paulsboro","NJ","strict","96","2.3287150032462325","0.03891754021820178","3.1383848565431407","0.5682155719314808","5.009040426117561","5601","23.244521912350596","2.4026066773790395","-0.0964821347883353","0.6612045218503866","0.2462527948763172","","","33","96.24114403284763"
"28","Las Vegas","NV","strict","96","1.5404260577390925","-0.0607855325012458","2.134341256703571","0.2620688490253708","4.997444909106231","6025","25.004150066401067","1.5372614107883817","-1.7649558978029907","0.00676626974811285","0.23477666943091116","","","33","96.16697387635006"
"29","La Cienega","NM","strict","96","2.149468243047007","-0.04605679224965534","2.8182918839546316","0.15924003508666862","4.242954178292572","4881","20.256474103585656","2.1374718295431263","-0.4758715936946549","0.10344384209377556","-0.5119455565597832","","","33","96.23826081816075"
"30","Bangor","ME","strict","96","2.68368293921617","-0.13345145522560325","3.5800357760610075","1.1892068547231252","5.320622746838724","5176","21.48074369189907","2.749227202472952","0.6548346142957","-0.47020357840232907","0.5546269532405186","","","33","96.26531149895312"
"31","Coronado","CA","strict","96","1.2627491741513373","0.05621934471381787","1.697913542717751","0","7.937340449110705","5512","22.87516600265604","1.2775761973875182","-2.3526802309963046","0.774771359696876","3.144401999678259","","rms;flagged_pct","33","96.22703171589764"
"32","Bismarck","ND","strict","96","3.5782522411671134","-0.17959512215229595","4.613464116199463","2.6887292713856628","4.8149317096301845","5981","24.821547144754316","3.681825781641866","2.5482588694630146","-0.7730847224375615","0.054142690749075545","","mad;tail_pct","33","96.1328939787599"
"33","Edmundson","MO","strict","96","2.9865162535419656","-0.3665449885473387","3.963728870739461","1.7313329472669947","3.715323626522863","5859","24.3152390438247","2.988905956647892","1.2958044546050793","-2.000199799809304","-1.0341434365698985","","","33","96.11764948471748"
"34","Juneau","AK","strict","96","2.4761336982917794","0.053568593713456875","3.4111086376451367","0.9122097852804966","8.628733852854088","5805","24.091135458167333","2.5112833763996556","0.2155407931789145","0.7573721682364886","3.828676571112392","flagged_pct","flagged_pct","33","96.15425434314163"
"35","Carolina","PR","strict","96","0.8972533701513036","-0.10883010660472242","1.2764387496425222","0","5.807329755302953","5664","23.50597609561753","0.919138418079096","-3.1262800168891287","-0.30859218653288845","1.036322653297356","","mad;rms","33","96.24501421794987"
"36","Pierre","SD","strict","96","3.6727279510905295","-0.22253629636587333","4.7269425921219","3.1803029811850982","4.640304408225068","5786","24.012284196547146","3.7369512616660905","2.748223925611294","-1.054945112785103","-0.11868658587219201","tail_pct","mad;rms;tail_pct","33","96.15550258108678"
"38","Gonzales","LA","strict","96","2.042057443310153","0.09917372144757794","2.828031795198127","0.5653839718447633","3.4489259461528166","5782","23.995683930942896","2.0818056035973713","-0.703214755420801","1.0567184097029019","-1.2977981917053971","","","33","96.25936882959172"
"39","Waimea","HI","strict","96","0.9824491439858116","0.08923100802365445","1.4169163255750534","0","3.946239531574573","5439","22.572211155378486","0.9783048354476926","-2.945956654278534","0.9914557069914628","-0.8056051237785452","","mad;rms","33","96.27782241678126"
"40","Roanoke","VA","strict","96","2.5299961430728692","0.08050260659235729","3.3846418058205567","0.8294306868490902","4.421529857025675","6210","25.77191235059761","2.5719806763285025","0.32954477159479606","0.934163593312895","-0.33520855650733977","","","33","96.13814383388969"
"41","Portland","OR","strict","96","1.892716679059167","-0.1026834449308172","2.5050125238335808","0.06343329872741638","6.715996100005902","6138","25.473107569721115","1.8988269794721409","-1.019305889669835","-0.2682462833183134","1.9356330462397342","","","33","96.08188719232838"
"42","Eugene","OR","strict","96","2.0562001591480636","0.011119619204073446","2.7731773856164272","0.3129783964438446","6.326951076263836","6220","25.813413014608233","2.081993569131833","-0.6732806171231426","0.4787425139667041","1.5505937683867286","","","33","96.06513813073953"
"44","Vernon","CA","strict","96","2.0923941918623625","-0.11347611710999314","2.739312064966852","0.06911594596839793","9.392028544270792","5729","23.775730411686588","2.133880258334788","-0.596673182367539","-0.3390880068861272","4.584112108997521","flagged_pct","flagged_pct","33","96.0909326484756"
"45","Sacramento","CA","strict","96","1.8309587410452004","-0.004184907082107042","2.452248722646694","0.09054707731187048","4.5052707801638565","6058","25.14110225763612","1.8065368108286564","-1.1500212825742702","0.37828555553208587","-0.2523298596877995","","","33","96.12162125082573"
"48","Camden","NJ","strict","96","2.395004640310798","0.014529787827986397","3.2207849715294","0.6096696965139892","5.4910341179234035","5932","24.61819389110226","2.473364801078894","0.04382494528981526","0.5011264258435975","0.7232837082588986","","","33","96.09822367820493"
"49","Boston","MA","strict","96","2.5000342553577806","0.040418473030126925","3.328423091263508","0.7167067597688778","4.626615099451605","5910","24.526892430278885","2.5426395939086293","0.26612814774393706","0.6710564533823588","-0.13223494465530197","","","33","96.24243179473112"
"51","Buffalo","NY","strict","96","2.386850247322094","0.39018656453187894","3.263288205528046","0.8135200630607452","7.558873867163026","6231","25.859063745019924","2.4318728935965335","0.026565549693178564","2.966889592724576","2.769832244221769","","bias","33","96.06191478208126"
"52","Charlotte","NC","strict","96","2.317157647594194","-0.1668425221279388","3.0840380271040466","0.4659445890793134","4.161409755414299","6199","25.726261620185927","2.3306984997580256","-0.12094416078167126","-0.6893782824847654","-0.5926503690670545","","","33","96.1543338330485"
"53","Wilmington","NC","strict","96","2.1916607819437095","-0.11559865219850214","2.973582186757355","0.5294979901600438","4.097670465797456","6132","25.448207171314742","2.2115133724722766","-0.38656786243551144","-0.35302005647559415","-0.6557333762955553","","","33","96.16760559002033"
"54","Myrtle Beach","SC","strict","96","2.029025081651574","-0.09807420761834257","2.744292192806084","0.27805662087329186","4.20606058843136","6071","25.195053120849938","2.034590676988964","-0.7307987442885737","-0.23799183751213013","-0.5484592769023007","","","33","96.1848480623611"
"56","Miami","FL","strict","96","1.1281338897063042","-0.1715916670847003","1.5984924499572393","0.052397170552790154","5.9714760623986285","6072","25.199203187250994","1.1493741765480896","-2.637603762497557","-0.7205510642226857","1.1987788516531013","","mad;rms","33","96.15477471297478"
"57","Tampa","FL","strict","96","1.4769032985376547","-0.03139795522578599","2.0865481717866436","0.18812681602779424","4.293841634797754","5942","24.659694555112882","1.494614607876136","-1.8994066695485106","0.19966257856890457","-0.46158205539976793","","","33","96.18647500078991"
"58","Goulding","FL","strict","96","1.6885011781129091","0.07075288119952376","2.3557266976940467","0.2332187718184574","3.781895220983649","5687","23.601427622841967","1.7469667663091262","-1.4515435954904092","0.870167639421711","-0.9682572869151518","","","33","96.23152855613517"
"60","Pocatello","ID","strict","96","2.361747869785613","-0.13989923776847094","3.164965571433803","0.6418260565939152","5.7876103858885575","5627","23.35242363877822","2.422072152123689","-0.026565549693178564","-0.5125260005925011","1.0168063215216554","","","33","96.21602391810501"
"61","Hartrandt","WY","strict","96","3.660844117714437","-0.6101663315805372","4.833284167791643","3.6486787781371164","5.554955031039552","6048","25.099601593625497","3.626984126984127","2.723070884578488","-3.599299221329502","0.7865464689265795","bias;tail_pct","mad;bias;rms;tail_pct","33","96.15456357968527"
"62","Yankee Hill","NE","strict","96","3.1133052851104983","-0.21191712241101357","4.048373546803031","1.6787011905156723","4.439510755411944","5682","23.580677290836654","3.1590989088349173","1.5641631241206568","-0.985242209431826","-0.31741279584394816","","","33","96.2055418919832"
"63","Little Rock","AR","strict","96","2.4273468866172934","-0.22030750420349063","3.2955847509814142","0.8431250766059549","3.9123528835087744","5760","23.904382470119522","2.4677083333333334","0.11227977991220012","-1.0403156053159266","-0.839142862867491","","","33","96.17748090488602"
"64","St. Paul","MN","strict","96","2.8380338083517054","-0.2133991190452595","3.7790885114241273","1.6312694547347586","6.365355716854861","6168","25.59760956175299","2.902237354085603","0.9815300182068499","-0.9949698463088406","1.5886029811434923","","","33","96.0947120231383"
"65","Shorewood Hills","WI","strict","96","2.8556729913529693","-0.10347795644418671","3.760396140833822","1.14993044259567","5.433644690771602","6180","25.647410358565736","2.906472491909385","1.0188646963174115","-0.2734613555513205","0.6664851830538117","","","33","96.11495758616552"
"66","Windsor Heights","IA","strict","96","2.9721614503250615","-0.07113695848909446","3.8950421128129635","1.280734125446876","5.47992103590436","5784","24.003984063745023","3.005878284923928","1.2654214171704563","-0.061179170101228475","0.71228505048357","","","33","96.20133765174967"
"67","Jackson","MS","strict","96","2.360675422079791","-0.13525173440635324","3.23999066825843","0.9460460300749012","3.4870642576691186","5912","24.53519256308101","2.4002029769959403","-0.028835467176567844","-0.48202038131733427","-1.2600525658045096","","","33","96.15888669963842"
"68","Topeka","KS","strict","96","3.068401549781872","-0.17891242656774453","4.0780497735428405","2.1335080009894782","4.26067550434338","5895","24.464641434262948","3.084139100932994","1.469120938530997","-0.7686035956990812","-0.4944066955827956","","","33","96.21073208038999"
"69","Speedway","IN","strict","96","2.779366612601251","0.04146771542306038","3.6623161871188836","1.166221467768969","4.260063752921275","6137","25.468957503320055","2.78262994948672","0.8573564173753624","0.6779435466176412","-0.49501214819475103","","","33","96.12119013422736"
"70","Cheviot","OH","strict","96","2.617405554101113","0.09459220181831718","3.4870004191049477","0.9524888986380778","4.028739250408532","5982","24.82569721115538","2.628385155466399","0.5145534664044938","1.0266458992339158","-0.7239548513824023","","","33","96.20345642196439"
"71","South Charleston","WV","strict","96","2.6661679720405003","-0.18728794296690712","3.625910890770267","1.516067367442122","3.4508355637077988","5997","24.887948207171316","2.662164415541104","0.6177628484676673","-0.8235794170375618","-1.2959082362517238","","","33","96.17311958688727"
"72","Annapolis","MD","strict","96","2.29198162914183","-0.09194403300181574","3.0957749285760205","0.5971597351137639","5.255112384011462","6182","25.655710491367863","2.3409899708832094","-0.17423112679122058","-0.19775415323924594","0.489791108401077","","","33","96.14144405569478"
"73","West Fairview","PA","strict","96","2.5174962430823533","0.07298720620113254","3.369240393111518","0.7495447249376228","5.269660598612821","6027","25.01245019920319","2.5437199269951885","0.30308777851713015","0.884833463741848","0.5041895294122951","","","33","96.17266410337709"
"74","Montpelier","VT","strict","96","2.8005836056324886","0.2674351367536083","3.7398783608876793","1.1974473821046032","5.724444641713661","5295","21.974601593625497","2.87233238904627","0.9022638036890324","2.1611648778572823","0.9542909543073077","","","33","96.3045300520475"
"75","Concord","NH","strict","96","2.6948293692089176","-0.21438527547865854","3.597998835134146","1.2593293597475648","5.166854053871322","5367","22.27340637450199","2.7434320849636666","0.6784268847444689","-1.0014428513524174","0.4024415174082307","","","33","96.28384473374895"
"76","Dover","DE","strict","96","2.4495631035829377","0.1082045699668701","3.316278465895765","0.8588025968588973","4.724648750628835","5245","21.767098273572376","2.557864632983794","0.15930210000419603","1.1159957474896356","-0.03521068280637056","","","33","96.30569921108658"
"77","Cranston","RI","strict","96","2.3330544073668755","-0.04259530927957777","3.121092583538309","0.5058062446217306","4.259973555695136","5048","20.949535192563083","2.3904516640253566","-0.08729745452144068","0.12616457479369653","-0.4951014167181807","","","33","96.31360054485864"
"78","Cranston","RI","strict","96","2.3416948095363987","-0.07112403949815183","3.1354563249155465","0.5166562509459214","4.238659676673532","5975","24.796646746347943","2.390125523012552","-0.06900938337200982","-0.06109437149251144","-0.5161958404632476","","","33","96.20211158220019"
"1","Salt Lake City","UT","strict","120","2.622799263912612","-0.04384274134059915","3.5550582340459114","1.3132193208797336","5.922905724204425","5692","23.622177954847277","2.6837666900913564","-0.3057248384546521","0.11842746385644592","1.1507086109300864","","","33","120.1967922168759"
"2","Jacksboro","TN","strict","120","2.6069342244892604","0.16055636888500843","3.5180788485087664","1.0753529682852083","4.332022941019361","5592","23.207171314741036","2.6289341917024323","-0.33122332401448074","1.3171894255911571","-0.42379387748234804","","","33","120.2454785359642"
"3","Oak Ridge","TN","strict","120","2.5545252910954033","0.04529459566741815","3.4366339158361443","0.926967679907404","4.324080307641354","6101","25.319555112881808","2.573676446484183","-0.4154556032852364","0.6412010163322722","-0.43165473068309956","","","33","120.1713916543908"
"4","SeaTac","WA","strict","120","1.857799803421859","-0.017012436545097716","2.4786542661092343","0.15303759636251205","7.211083719515912","6085","25.25315405046481","1.8716516023007395","-1.5352413354568069","0.27578210583651686","2.425623067591307","","","33","120.13151632977447"
"5","Vancouver","WA","strict","120","2.2788805632570117","-0.00039292684174171554","3.0377931489665624","0.4177301064656485","7.183856309196975","6166","25.589309428950862","2.298572818683101","-0.8584751839416179","0.37325237384832016","2.398676000369696","","","33","120.08431913191119"
"7","St. George","UT","strict","120","2.10812565256456","-0.2543898310794554","2.83642074357786","0.4222364101328939","4.989204617050138","5462","22.66766268260292","2.0800073233247893","-1.132914566560028","-1.1163912300913952","0.22662122235165633","","","33","120.30205055278111"
"8","Commerce City","CO","strict","120","3.633209301976352","0.21124464556986527","4.8742664220662855","3.8568779088387117","4.0706104051411245","5823","24.165836653386457","3.6618581487205906","1.318218542811249","1.614466541565991","-0.6825148169461883","","","33","120.2420084797882"
"9","North Kansas City","MO","strict","120","3.4057351228641424","-0.194905788617947","4.532793324351103","3.270796961265225","4.041464509938706","6320","26.228419654714475","3.4431962025316456","0.9526192577070928","-0.7675286183395016","-0.7113606156488058","","","33","120.1167318915437"
"10","Bedford Park","IL","strict","120","3.298932455841204","-0.1369190512703172","4.389031647062726","2.765494090549397","5.385588087615034","6152","25.53120849933599","3.32444733420026","0.7809647039322566","-0.42744741671041797","0.618923387769826","","","33","120.12270383500581"
"11","Rosemont","IL","strict","120","3.331114074551249","-0.1405732101898","4.447804701731248","2.988613405594876","5.706485605192795","6297","26.13296812749004","3.360330316023503","0.832687395447425","-0.4488783647706841","0.9365168304117804","","","33","120.10788482985662"
"12","Romulus","MI","strict","120","2.8446908633726147","-0.10507195688057734","3.8182168258473514","1.6426309818526545","5.157315846377444","5947","24.680444887118195","2.8839751135026064","0.050902056297995414","-0.24067025655518676","0.3930015186900107","","","33","120.176535782996"
"13","Lynnview","KY","strict","120","3.0364802678794374","-0.4334282840787496","4.0749293632351264","1.9914254705524492","4.404884732571874","6303","26.157868525896415","3.0268126289068698","0.35914833485103537","-2.166417753721992","-0.35168229684160485","","bias","33","120.1159257927908"
"14","View Park-Windsor Hills","CA","strict","120","2.2447060420765745","0.06738898427083018","2.9494550362990544","0.19893733344871534","9.007225075335645","5774","23.962483399734396","2.2956356078974713","-0.9134008927016505","0.7707804092969538","4.203270713395062","flagged_pct","flagged_pct","33","120.15475481533372"
"15","Guadalupe","AZ","strict","120","1.8607123690571983","-0.1528564161078743","2.5375225134054844","0.3439540004893602","5.033118740364583","6260","25.97941567065073","1.8322683706070289","-1.5305602243159517","-0.5209170346381296","0.27008319023882826","","","33","120.1303023284353"
"16","Montgomery","AL","strict","120","2.6389182885252076","-0.016664697355091868","3.6115376886792405","1.4423076592889466","3.515056693172839","5643","23.418824701195216","2.6877547403863193","-0.27981814478972267","0.27782153014283273","-1.232348350369421","","","33","120.23750271321663"
"18","Highland Park","TX","strict","120","3.039211667603612","-0.07865427052590354","4.141941179890026","2.7452632309756173","4.069751801567838","6077","25.21995351925631","3.1028467994076023","0.36353827392187504","-0.08573554336555186","-0.6833645800318086","","","33","120.15136291474988"
"20","Norfolk","VA","strict","120","2.9809625782744744","0.1972593478103599","4.019203562187937","2.1952909076139733","4.016012850792077","5911","24.531042496679948","3.072238199966165","0.26991962454455","1.5324454263119953","-0.7365502154635466","","","33","120.20211389276076"
"21","Myrtle Beach","SC","strict","120","2.3595859170970996","-0.1435025853571381","3.2033437435080074","0.6560059530626592","4.286436811989203","5459","22.655212483399733","2.4185748305550465","-0.7287645513627029","-0.4660585937764717","-0.46891063551990425","","","33","120.22902742010733"
"22","Valley Brook","OK","strict","120","3.1572188087720408","0.022349893288410846","4.4091449211708245","2.6905376854048457","4.423930456126194","5950","24.692895086321382","3.1568067226890757","0.553200795693548","0.5066346945663962","-0.33283267482869044","","","33","120.21463182899267"
"23","Helena","MT","strict","120","3.531892816885173","-0.212254135709387","4.763640337178207","4.044015496593373","4.795802743046243","6003","24.91284860557769","3.529568549058804","1.1553814477916464","-0.8692733792106957","0.035210682806369686","","","33","120.187432512125"
"24","Guttenberg","NJ","strict","120","3.083089266399055","0.05663126099812822","4.105433488865721","2.248732380550138","5.871308211948203","5796","24.05378486055777","3.150448585231194","0.4340588877968588","0.7076884054230166","1.0996423650055034","","","33","120.08504024091272"
"25","Inwood","NY","strict","120","2.762004921310007","0.40179692334450845","3.656057951285486","1.0184030789368048","6.498657296390344","5750","23.8628818061089","2.8173913043478263","-0.08199180191586838","2.7320194607837927","1.72053204022082","","bias","33","120.17233321544911"
"26","College Park","GA","strict","120","2.5532426167306377","-0.06058108723343926","3.4695714083392435","1.0701600335257146","4.625169552657144","5829","24.19073705179283","2.6122834105335393","-0.4175171332250736","0.02026024416283823","-0.13366560758600496","","","33","120.20106638856677"
"27","Paulsboro","NJ","strict","120","2.819930041752156","0.07640671349413866","3.8011964557290936","1.5850144448221082","5.009040426117561","5601","23.244521912350596","2.9182288876986253","0.01110616070069409","0.823667678533077","0.2462527948763172","","","33","120.24473371604542"
"28","Las Vegas","NV","strict","120","1.8651793649156787","-0.1334080161556363","2.544947677170121","0.4431508507595464","4.997444909106231","6025","25.004150066401067","1.8587551867219918","-1.5233808138932063","-0.40685586258306033","0.23477666943091116","","","33","120.16253655987897"
"29","La Cienega","NM","strict","120","2.4891955141454014","-0.07372058012195717","3.2709920436373063","0.694942719625392","4.242954178292572","4881","20.256474103585656","2.4902683876254867","-0.5204544204791334","-0.05680038615915075","-0.5119455565597832","","","33","120.24310291651155"
"30","Bangor","ME","strict","120","3.2029695468509463","-0.17651677551986897","4.261700954990496","2.722073841441526","5.320622746838724","5176","21.48074369189907","3.274729520865533","0.6267319419533811","-0.6596805489839845","0.5546269532405186","","","33","120.25927043542958"
"31","Coronado","CA","strict","120","1.3819343614764816","0.0634638191510865","1.841580409046489","0","7.937340449110705","5512","22.87516600265604","1.4149129172714079","-2.300058098660439","0.7477600613419991","3.144401999678259","","mad;rms;flagged_pct","33","120.24939624161382"
"32","Bismarck","ND","strict","120","4.0892548998566935","-0.18157046040209898","5.246453388340336","5.134571812916946","4.8149317096301845","5981","24.821547144754316","4.229894666443738","2.0511806100255026","-0.6893194510160155","0.054142690749075545","","tail_pct","33","120.1352282197669"
"33","Edmundson","MO","strict","120","3.4489050719993846","-0.3806399700380216","4.594791251808399","3.35539748493563","3.715323626522863","5859","24.3152390438247","3.4572452636968767","1.0220025283860996","-1.8568243174967338","-1.0341434365698985","","","33","120.10756718405781"
"34","Juneau","AK","strict","120","2.766658034995378","-0.04395515233273035","3.7818282628538946","1.6099719743042287","8.628733852854088","5805","24.091135458167333","2.8044788975021535","-0.07451326064353835","0.11776819473683478","3.828676571112392","flagged_pct","flagged_pct","33","120.16141501455023"
"35","Carolina","PR","strict","120","0.9908387988700507","-0.12187777836837033","1.3726788912942813","0","5.807329755302953","5664","23.50597609561753","1.0206567796610169","-2.9286316741508998","-0.3392332077981424","1.036322653297356","","mad;rms","33","120.23052105770246"
"36","Pierre","SD","strict","120","4.133249946926946","-0.2159268897179806","5.325149691065692","5.251216566833743","4.640304408225068","5786","24.012284196547146","4.255962668510197","2.1218899882054045","-0.8908133839369937","-0.11868658587219201","","mad;tail_pct","33","120.1567915203358"
"38","Gonzales","LA","strict","120","2.373803680292772","0.06620416580324473","3.3172498893807356","1.2161866752920396","3.4489259461528166","5782","23.995683930942896","2.4581459702525077","-0.705913588319755","0.7638316740067925","-1.2977981917053971","","","33","120.25825362735884"
"39","Waimea","HI","strict","120","1.0610273836789867","0.10735324903633038","1.5279706147918117","0.01967729240456513","3.946239531574573","5439","22.572211155378486","1.0558926273211988","-2.8158237214910886","1.005163232082718","-0.8056051237785452","","mad;rms","33","120.27793295353159"
"40","Roanoke","VA","strict","120","2.910486525922624","0.06859917554875526","3.908961293788591","1.8072311294095553","4.421529857025675","6210","25.77191235059761","2.9561996779388084","0.1566496505309732","0.7778779513009205","-0.33520855650733977","","","33","120.13598606656596"
"41","Portland","OR","strict","120","2.218992313280192","-0.1256935028432764","2.9421948288433875","0.26857615339647073","6.715996100005902","6138","25.473107569721115","2.227272727272727","-0.9547283123763127","-0.36161170715623064","1.9356330462397342","","","33","120.08939408752315"
"42","Eugene","OR","strict","120","2.398584557004856","0.01090611525698139","3.161237427762258","0.3896372321950487","6.326951076263836","6220","25.813413014608233","2.4186495176848877","-0.6660854599337062","0.43951910982891285","1.5505937683867286","","","33","120.0628216022886"
"44","Vernon","CA","strict","120","2.296415615955885","-0.06835352463026251","2.996598538893272","0.1484308914791576","9.392028544270792","5729","23.775730411686588","2.3475301099668355","-0.830292632603299","-0.025323625018353422","4.584112108997521","flagged_pct","flagged_pct","33","120.06715680538653"
"45","Sacramento","CA","strict","120","2.1905221833540383","-0.01420253073101437","2.905552111239228","0.3603560834179594","4.5052707801638565","6058","25.14110225763612","2.163090128755365","-1.0004858536869239","0.29226166977523654","-0.2523298596877995","","","33","120.1166226144538"
"48","Camden","NJ","strict","120","2.934800045358764","0.02365937408989585","3.958015699197494","1.7559111137229229","5.4910341179234035","5932","24.61819389110226","3.036918408631153","0.19572663658236164","0.5143145507688497","0.7232837082588986","","","33","120.09569211930037"
"49","Boston","MA","strict","120","3.0998793434243312","0.07873304995086336","4.116455750823636","1.9271405174970446","4.626615099451605","5910","24.526892430278885","3.1445008460236887","0.46104410511357546","0.8373112000309944","-0.13223494465530197","","","33","120.24072243387236"
"51","Buffalo","NY","strict","120","2.803153317684918","0.3433534030552306","3.7833445243868753","1.4301765569779585","7.558873867163026","6231","25.859063745019924","2.8353394318728937","-0.015857595578414235","2.3892593139547387","2.769832244221769","","bias","33","120.07200138747771"
"52","Charlotte","NC","strict","120","2.686305900865245","-0.14186830109608067","3.5729653000890127","1.1423706878494928","4.161409755414299","6199","25.726261620185927","2.7239877399580577","-0.20365619418097036","-0.45647382697071126","-0.5926503690670545","","","33","120.16526269824038"
"53","Wilmington","NC","strict","120","2.5631288676002018","-0.04713776185857286","3.495071595606678","1.0738402417418806","4.097670465797456","6132","25.448207171314742","2.5893672537508152","-0.40162782981323436","0.09910279431300958","-0.6557333762955553","","","33","120.16338692147268"
"54","Myrtle Beach","SC","strict","120","2.3963614619309155","-0.07534861549098806","3.2667085353001353","0.784549201924253","4.20606058843136","6071","25.195053120849938","2.4215121067369463","-0.6696584455487035","-0.066348504399973","-0.5484592769023007","","","33","120.17639651088999"
"56","Miami","FL","strict","120","1.3032174732202328","-0.19654222218771986","1.8844337431224727","0.20375297243527393","5.9714760623986285","6072","25.199203187250994","1.3458498023715415","-2.4265728450128687","-0.7771259904326785","1.1987788516531013","","mad;rms","33","120.1570645486835"
"57","Tampa","FL","strict","120","1.772976237230951","-0.018884293470319193","2.499324544938672","0.35996856662108623","4.293841634797754","5942","24.659694555112882","1.817064961292494","-1.6715708093356136","0.2648040204755362","-0.46158205539976793","","","33","120.17811605581922"
"58","Goulding","FL","strict","120","1.997465273047289","0.06550837431419045","2.848282068996513","0.6995197333150589","3.781895220983649","5687","23.601427622841967","2.0998769122560224","-1.3107692830767184","0.759750989069092","-0.9682572869151518","","","33","120.23622462600895"
"60","Pocatello","ID","strict","120","2.8028911596722472","-0.16979430269596896","3.72575508391489","1.3082396123399453","5.7876103858885575","5627","23.35242363877822","2.910254131864226","-0.01627893914536677","-0.620254522612383","1.0168063215216554","","","33","120.20494397475328"
"61","Hartrandt","WY","strict","120","4.238499564206928","-0.7484160899743117","5.559826851999395","6.30285664497744","5.554955031039552","6048","25.099601593625497","4.185681216931217","2.291048461423002","-4.013761412415524","0.7865464689265795","bias","mad;bias;rms;tail_pct","33","120.1622674814244"
"62","Yankee Hill","NE","strict","120","3.6793321650345088","-0.2541851952697265","4.798613816919425","3.5640946102831905","4.439510755411944","5682","23.580677290836654","3.7697993664202745","1.3923477728927918","-1.1151910799320282","-0.31741279584394816","","","33","120.1914823823996"
"63","Little Rock","AR","strict","120","2.80610963842309","-0.30837755361556096","3.7719596840050262","1.3906816364901362","3.9123528835087744","5760","23.904382470119522","2.850347222222222","-0.011106160700694805","-1.4330189693488586","-0.839142862867491","","","33","120.2051846337846"
"64","St. Paul","MN","strict","120","3.3448571170566543","-0.20268146207699644","4.450947637982517","2.7888908296920225","6.365355716854861","6168","25.59760956175299","3.418450064850843","0.8547753815860791","-0.8131314664110528","1.5886029811434923","","","33","120.09697898636558"
"65","Shorewood Hills","WI","strict","120","3.3570092840187193","-0.11644686065676882","4.424566738558901","2.6145055298797857","5.433644690771602","6180","25.647410358565736","3.4233009708737865","0.8743064930781035","-0.30738190686638533","0.6664851830538117","","","33","120.11487236972583"
"66","Windsor Heights","IA","strict","120","3.5286143764132794","-0.11697645361856168","4.6287541190614085","3.3866478565540192","5.47992103590436","5784","24.003984063745023","3.5822959889349932","1.1501122981349305","-0.3104878690063329","0.71228505048357","","","33","120.2180921033628"
"67","Jackson","MS","strict","120","2.7114931814385983","-0.17594598548510706","3.717738123556826","1.8792417253044311","3.4870642576691186","5912","24.53519256308101","2.804127198917456","-0.1631748885344364","-0.6563329738352738","-1.2600525658045096","","","33","120.17062920808357"
"68","Topeka","KS","strict","120","3.6103784909018777","-0.23342943601345148","4.776583780708746","4.212230597446429","4.26067550434338","5895","24.464641434262948","3.642239185750636","1.2815245837880649","-0.9934624938541203","-0.4944066955827956","","","33","120.20742865321091"
"69","Speedway","IN","strict","120","3.2357030036818735","0.05717520763889516","4.246158341616723","2.0090560734660707","4.260063752921275","6137","25.468957503320055","3.2514257780674596","0.6793415544512966","0.7108785491640782","-0.49501214819475103","","","33","120.12218934384826"
"70","Cheviot","OH","strict","120","3.0523291779867967","0.08092852435795554","4.055936344700271","1.798284431140418","4.028739250408532","5982","24.82569721115538","3.077566031427616","0.38462089717676795","0.8501872404613036","-0.7239548513824023","","","33","120.20465006386462"
"71","South Charleston","WV","strict","120","3.113966059564215","-0.21293945790308255","4.214990364497621","2.604634589764525","3.4508355637077988","5997","24.887948207171316","3.1257295314323827","0.48368444772435676","-0.8732926637194591","-1.2959082362517238","","","33","120.18163236670729"
"72","Annapolis","MD","strict","120","2.723650433062226","-0.06749017512916303","3.6883397523465193","1.569280084279109","5.255112384011462","6182","25.655710491367863","2.7764477515367196","-0.14363560491210836","-0.02026024416283815","0.489791108401077","","","33","120.12676576544858"
"73","West Fairview","PA","strict","120","2.9348152349402206","0.08020327395262758","3.913286602416269","1.5978868299629692","5.269660598612821","6027","25.01245019920319","2.9915380786460926","0.1957510494636093","0.8459337845745327","0.5041895294122951","","","33","120.17001927071033"
"74","Montpelier","VT","strict","120","3.4399126504734037","0.24609405738947254","4.576026999043127","2.8218811093474687","5.724444641713661","5295","21.974601593625497","3.559395656279509","1.007549798436332","1.8188517232434576","0.9542909543073077","","","33","120.27752334726517"
"75","Concord","NH","strict","120","3.2808914330959906","-0.1893861573645754","4.334139650692868","2.67898084930083","5.166854053871322","5367","22.27340637450199","3.3571827836780326","0.7519689513420503","-0.7351570293338514","0.4024415174082307","","","33","120.28148865152122"
"76","Dover","DE","strict","120","2.9831134160913777","0.13314339799022154","4.054677980721121","2.2474042769864524","4.724648750628835","5245","21.767098273572376","3.1323164918970448","0.2733764774115602","1.1564175575994622","-0.03521068280637056","","","33","120.29608026581738"
"77","Cranston","RI","strict","120","2.8627838118078994","-0.042459715875649263","3.8456171746036962","1.5700005602980256","4.259973555695136","5048","20.949535192563083","2.9249207606973058","0.07998126449288906","0.1265386455424251","-0.4951014167181807","","","33","120.33684677739443"
"78","Cranston","RI","strict","120","2.8515033239579606","-0.049596234621356226","3.8454098302401234","1.6408890097714064","4.238659676673532","5975","24.796646746347943","2.9014225941422596","0.06185112633980492","0.08468431847555302","-0.5161958404632476","","","33","120.2134207164287"
"1","Salt Lake City","UT","strict","144","3.076360761312248","-0.05967768936830406","4.131338765265015","2.2096003928233308","5.922905724204425","5692","23.622177954847277","3.152319044272663","-0.2770563907520904","0.1024140375141602","1.1507086109300864","","","33","144.20451642449143"
"2","Jacksboro","TN","strict","144","3.076756739105139","0.09372842170547295","4.183447868666041","2.472571409284395","4.332022941019361","5592","23.207171314741036","3.13447782546495","-0.2765283584118926","0.9760431878282507","-0.42379387748234804","","","33","144.25236725128713"
"3","Oak Ridge","TN","strict","144","3.0142583558330984","-0.006958128447115159","4.081940200687232","2.3060014561232505","4.324080307641354","6101","25.319555112881808","3.0635961317816753","-0.35986931381444676","0.40264552692568706","-0.43165473068309956","","","33","144.18244712562188"
"4","SeaTac","WA","strict","144","2.1394875913957434","-0.02764934679255931","2.8473259113760228","0.2391636988808271","7.211083719515912","6085","25.25315405046481","2.1595727198027936","-1.5263671886330181","0.2848115542399427","2.425623067591307","","","33","144.12179890921047"
"5","Vancouver","WA","strict","144","2.579549501012499","-0.02447923256183489","3.4074065663557525","0.7545745599736825","7.183856309196975","6166","25.589309428950862","2.5874148556600716","-0.9395491292906738","0.3028649693379531","2.398676000369696","","","33","144.0691306871585"
"7","St. George","UT","strict","144","2.436452873613996","-0.26231781612348676","3.2779378059566704","0.7641847699478233","4.989204617050138","5462","22.66766268260292","2.4091907726107653","-1.1303670195769613","-1.051596845869295","0.22662122235165633","","","33","144.28088906319704"
"8","Commerce City","CO","strict","144","4.203501580685477","0.061273023019228615","5.559011525456743","5.878037649295723","4.0706104051411245","5823","24.165836653386457","4.236304310492873","1.2259743732741941","0.7912136384778176","-0.6825148169461883","","","33","144.24687504754365"
"9","North Kansas City","MO","strict","144","3.9940497513014575","-0.2698407634995509","5.266205707234519","5.6807996081553584","4.041464509938706","6320","26.228419654714475","4.030379746835443","0.946672499244981","-1.0944391164803253","-0.7113606156488058","","","33","144.12884877012155"
"10","Bedford Park","IL","strict","144","3.8522701265923067","-0.20107625433851836","5.068782615351176","4.782322320316434","5.385588087615034","6152","25.53120849933599","3.9301040312093627","0.7576108185860788","-0.7028335977065207","0.618923387769826","","","33","144.12735902443603"
"11","Rosemont","IL","strict","144","3.8726572010134768","-0.17312422325314816","5.090602760174743","5.0407973751661155","5.706485605192795","6297","26.13296812749004","3.954422740987772","0.7847967739847586","-0.5436501792902821","0.9365168304117804","","","33","144.1194396202753"
"12","Romulus","MI","strict","144","3.314096526580698","-0.10345454306779708","4.435628654098072","2.9020866621374437","5.157315846377444","5947","24.680444887118195","3.355977803934757","0.03996182273653954","-0.14688982159037994","0.3930015186900107","","","33","144.1970837763247"
"13","Lynnview","KY","strict","144","3.5692876726067837","-0.4529651874436814","4.7428600569510015","3.6227900019462025","4.404884732571874","6303","26.157868525896415","3.586387434554974","0.3802566080834298","-2.1373104452185143","-0.35168229684160485","","","33","144.10914388902938"
"14","View Park-Windsor Hills","CA","strict","144","2.4330219435601923","0.07320836345158127","3.165668780598016","0.2772433920749207","9.007225075335645","5774","23.962483399734396","2.491860062348459","-1.1349421297419506","0.8591839510529863","4.203270713395062","flagged_pct","flagged_pct","33","144.15699668877255"
"15","Guadalupe","AZ","strict","144","2.1575334882207775","-0.15973697530284717","2.9019835959376237","0.4869297465160223","5.033118740364583","6260","25.97941567065073","2.1321086261980833","-1.502303169633553","-0.4674114299340662","0.27008319023882826","","","33","144.12093402115664"
"16","Montgomery","AL","strict","144","3.0509206035488345","0.0036995996667307553","4.128656644823672","2.212883578968429","3.515056693172839","5643","23.418824701195216","3.1270600744284955","-0.3109805811485977","0.46333999268852705","-1.232348350369421","","","33","144.24162790943922"
"18","Highland Park","TX","strict","144","3.497821207317882","-0.14409697443595246","4.736456205145711","3.6729157884312382","4.069751801567838","6077","25.21995351925631","3.5537271680105316","0.28495680695905307","-0.378343526624232","-0.6833645800318086","","","33","144.15701176662347"
"20","Norfolk","VA","strict","144","3.370653689314656","0.21245677842824925","4.5826615380705125","3.5896098419086684","4.016012850792077","5911","24.531042496679948","3.4676027744882423","0.11538022126676929","1.6521867434915802","-0.7365502154635466","","","33","144.2075122567142"
"21","Myrtle Beach","SC","strict","144","2.7455207560986516","-0.14014141095040353","3.7487016395543997","1.380862064260562","4.286436811989203","5459","22.655212483399733","2.8481406851071625","-0.7182281567459488","-0.3558170735207332","-0.46891063551990425","","","33","144.22530224314625"
"22","Valley Brook","OK","strict","144","3.656638271718727","-0.0557371098592125","4.963308630727509","4.17529581022822","4.423930456126194","5950","24.692895086321382","3.640168067226891","0.4967377393358541","0.12485515869359703","-0.33283267482869044","","","33","144.1923539587004"
"23","Helena","MT","strict","144","3.9606675580876485","-0.26937768566018316","5.29707220564336","5.340956367773022","4.795802743046243","6003","24.91284860557769","3.998167582875229","0.9021576857375393","-1.0918019444895593","0.035210682806369686","","","33","144.1823067520297"
"24","Guttenberg","NJ","strict","144","3.5028222714450417","0.024126134957872823","4.621393845694144","3.3915803414115087","5.871308211948203","5796","24.05378486055777","3.5997239475500344","0.29162567486516705","0.579666627562147","1.0996423650055034","","","33","144.08566568394764"
"25","Inwood","NY","strict","144","3.0958195762360603","0.3732243711540134","4.082128991003501","2.1159355041207757","6.498657296390344","5750","23.8628818061089","3.1749565217391305","-0.25110825990696045","2.5677386367502812","1.72053204022082","","bias","33","144.1707512796352"
"26","College Park","GA","strict","144","2.9713176359041977","-0.07104812487151137","4.019769832876482","1.974248981167629","4.625169552657144","5829","24.19073705179283","3.0543832561331277","-0.4171303250148608","0.03766078982514952","-0.13366560758600496","","","33","144.2108484420548"
"27","Paulsboro","NJ","strict","144","3.2810825428297394","0.1133919997184431","4.408808080182661","2.6148941149363627","5.009040426117561","5601","23.244521912350596","3.3929655418675235","-0.00406198721503976","1.0880248737686775","0.2462527948763172","","","33","144.2430932982913"
"28","Las Vegas","NV","strict","144","2.177810255485634","-0.20741012843543494","2.9508605030363935","0.6333041615226151","4.997444909106231","6025","25.004150066401067","2.167634854771784","-1.4752643077005534","-0.7389042405691408","0.23477666943091116","","","33","144.16323304378446"
"29","La Cienega","NM","strict","144","2.8582726094180346","-0.1566465680763159","3.7676200372982187","1.3787724608403558","4.242954178292572","4881","20.256474103585656","2.8686744519565663","-0.5678747125913408","-0.449811936533568","-0.5119455565597832","","","33","144.22441150036286"
"30","Bangor","ME","strict","144","3.6875774405409345","-0.17685673559145515","4.925236463174771","4.607615446021418","5.320622746838724","5176","21.48074369189907","3.7467156105100465","0.5379948047831328","-0.5649063832304484","0.5546269532405186","","","33","144.25170359172904"
"31","Coronado","CA","strict","144","1.53692939962346","0.04141799209626692","2.0430043516838263","0.04179728317659352","7.937340449110705","5512","22.87516600265604","1.5613207547169812","-2.329872379628945","0.6781416514932516","3.144401999678259","","mad;rms;flagged_pct","33","144.24537539009944"
"32","Bismarck","ND","strict","144","4.567579501914773","-0.22909537247672332","5.883432945875371","7.557200408160673","4.8149317096301845","5981","24.821547144754316","4.740344424009363","1.71146856060623","-0.8623990687317125","0.054142690749075545","","tail_pct","33","144.1360726114442"
"33","Edmundson","MO","strict","144","3.993493510097754","-0.5140244317796595","5.298864665789181","5.472971829891006","3.715323626522863","5859","24.3152390438247","4.006656426011265","0.9459307572842472","-2.4850354176767944","-1.0341434365698985","","bias","33","144.11156395095782"
"34","Juneau","AK","strict","144","3.001979178520563","-0.19546151651917198","4.10986654086631","2.141518276314561","8.628733852854088","5805","24.091135458167333","3.014298018949182","-0.3762434712759225","-0.6708583485067484","3.828676571112392","flagged_pct","flagged_pct","33","144.15567188993433"
"35","Carolina","PR","strict","144","1.057878925939324","-0.14558360545968566","1.4516541149864792","0","5.807329755302953","5664","23.50597609561753","1.0875706214689265","-2.9686812907186946","-0.386809709548783","1.036322653297356","","mad;rms","33","144.2389838194452"
"36","Pierre","SD","strict","144","4.60475419080551","-0.25932757280310337","5.911135696762675","7.338554150260459","4.640304408225068","5786","24.012284196547146","4.749222260629105","1.7610406283421443","-1.0345677737356394","-0.11868658587219201","","tail_pct","33","144.15452403941978"
"38","Gonzales","LA","strict","144","2.803174277059361","0.03312694215426648","3.896174952516357","2.0434686015099612","3.4489259461528166","5782","23.995683930942896","2.9081632653061225","-0.641347775724377","0.6309251301608123","-1.2977981917053971","","","33","144.2529538548384"
"39","Waimea","HI","strict","144","1.1462063956797817","0.12427183974990255","1.6362252761657412","0.01967729240456513","3.946239531574573","5439","22.572211155378486","1.1408347122632836","-2.8508975124660965","1.149984239896315","-0.8056051237785452","","mad;rms","33","144.27570486689237"
"40","Roanoke","VA","strict","144","3.3210058222939534","0.07732786401041772","4.453071033989113","3.067047760534579","4.421529857025675","6210","25.77191235059761","3.3835748792270532","0.04917529796189131","0.882644005856174","-0.33520855650733977","","","33","144.13108144198458"
"41","Portland","OR","strict","144","2.5273998459973823","-0.143529486231849","3.3361478367595394","0.6195756672018972","6.715996100005902","6138","25.473107569721115","2.527207559465624","-1.0090901613195418","-0.37511175030128124","1.9356330462397342","","","33","144.08424774823726"
"42","Eugene","OR","strict","144","2.7249793773225877","-0.03777751232388508","3.5452245270936746","0.7535308039344418","6.326951076263836","6220","25.813413014608233","2.7487138263665596","-0.7456198754249946","0.22713288299641432","1.5505937683867286","","","33","144.06861708497803"
"44","Vernon","CA","strict","144","2.4741322121145672","-0.10297623341439786","3.2242506455839637","0.304831625027225","9.392028544270792","5729","23.775730411686588","2.534822831209635","-1.0801220067435064","-0.14416590627070128","4.584112108997521","flagged_pct","flagged_pct","33","144.0844705550221"
"45","Sacramento","CA","strict","144","2.5372426670477433","-0.008667699746888373","3.354086385911495","0.5988623913969111","4.5052707801638565","6058","25.14110225763612","2.520633872565203","-0.9959648600357816","0.3929097262358179","-0.2523298596877995","","","33","144.12069588132897"
"48","Camden","NJ","strict","144","3.400032374086556","0.03430629466695068","4.574606270348157","3.13056062861606","5.4910341179234035","5932","24.61819389110226","3.5038772757923127","0.15455639718004222","0.6376413993261363","0.7232837082588986","","","33","144.1080522847369"
"49","Boston","MA","strict","144","3.618362952546167","0.07911498714459898","4.787160551220035","3.4517769592964407","4.626615099451605","5910","24.526892430278885","3.690016920473773","0.44569799236681695","0.8928214548136705","-0.13223494465530197","","","33","144.23321446585615"
"51","Buffalo","NY","strict","144","3.190381928810487","0.366548202369924","4.263455265586929","2.1791223094972874","7.558873867163026","6231","25.859063745019924","3.2110415663617395","-0.1250103291115003","2.529718667262935","2.769832244221769","","bias","33","144.06684258948036"
"52","Charlotte","NC","strict","144","3.082715828297219","-0.16592563436253638","4.077367607641263","1.8225294865043142","4.161409755414299","6199","25.726261620185927","3.1358283594128085","-0.26858197387206756","-0.5026550908159961","-0.5926503690670545","","","33","144.15150840436016"
"53","Wilmington","NC","strict","144","2.9585158225930357","-0.03962569344220269","4.056512419362203","2.2826060019389116","4.097670465797456","6132","25.448207171314742","3.0220156555772992","-0.4342014122395231","0.21660771624314304","-0.6557333762955553","","","33","144.1677829907396"
"54","Myrtle Beach","SC","strict","144","2.7534517748612393","-0.054717693942549446","3.7677251436208","1.440974726120976","4.20606058843136","6071","25.195053120849938","2.833141162905617","-0.707652224275623","0.13066060839085647","-0.5484592769023007","","","33","144.17051918237868"
"56","Miami","FL","strict","144","1.4845131451827858","-0.22613825578680113","2.1502767736184754","0.28348486194256955","5.9714760623986285","6072","25.199203187250994","1.5410079051383399","-2.39976891926733","-0.8455586487307525","1.1987788516531013","","mad;rms","33","144.145354458184"
"57","Tampa","FL","strict","144","2.0805806387237644","-0.08427432114704989","2.9101815181144053","0.620386143495885","4.293841634797754","5942","24.659694555112882","2.158700774150118","-1.6049190080323537","-0.03766078982514944","-0.46158205539976793","","","33","144.18737411762316"
"58","Goulding","FL","strict","144","2.351764102347236","0.007542887658855694","3.364661420230147","1.548747449063077","3.781895220983649","5687","23.601427622841967","2.4893617021276597","-1.243298630599892","0.48522705050826215","-0.9682572869151518","","","33","144.2375936981748"
"60","Pocatello","ID","strict","144","3.193626700392049","-0.2411443450472006","4.2362464781374864","2.139769053628503","5.7876103858885575","5627","23.35242363877822","3.3157988270837038","-0.12068345936683299","-0.931016502517264","1.0168063215216554","","","33","144.22085503157894"
"61","Hartrandt","WY","strict","144","4.850271356402795","-0.8862470863821312","6.33349014458541","9.742450351412199","5.554955031039552","6048","25.099601593625497","4.814980158730159","2.0884352596486884","-4.604798178050942","0.7865464689265795","bias","mad;bias;rms;tail_pct","33","144.1539206027826"
"62","Yankee Hill","NE","strict","144","4.2297307739902825","-0.35786192357470004","5.485743594807396","6.061263661779616","4.439510755411944","5682","23.580677290836654","4.305702217529039","1.2609507345017446","-1.5957089208437962","-0.31741279584394816","","","33","144.18610276539158"
"63","Little Rock","AR","strict","144","3.287174808813143","-0.35746914606145147","4.402410894878998","3.1019793576051464","3.9123528835087744","5760","23.904382470119522","3.3211805555555554","0.004061987215039168","-1.5934721006626444","-0.839142862867491","","","33","144.18146307895339"
"64","St. Paul","MN","strict","144","4.010966663299587","-0.2443784548255479","5.279230760693338","5.475395418895201","6.365355716854861","6168","25.59760956175299","4.089332036316472","0.9692310285152211","-0.9494343644779341","1.5886029811434923","","","33","144.09841850128086"
"65","Shorewood Hills","WI","strict","144","3.907130707816288","-0.12492961087806152","5.123092624940732","5.201141266406007","5.433644690771602","6180","25.647410358565736","4.0077669902912625","0.8307668430106564","-0.2691877216720529","0.6664851830538117","","","33","144.10999985906105"
"66","Windsor Heights","IA","strict","144","4.139188052874068","-0.21452537454148282","5.403193442227282","6.164329171556633","5.47992103590436","5784","24.003984063745023","4.229080221300138","1.1402129411779272","-0.7794247020187683","0.71228505048357","","","33","144.20216801546005"
"67","Jackson","MS","strict","144","3.1478878624010322","-0.2493580466719965","4.350829311362584","2.847743144346938","3.4870642576691186","5912","24.53519256308101","3.256596752368065","-0.18167573240822668","-0.9777925345878047","-1.2600525658045096","","","33","144.16689024727407"
"68","Topeka","KS","strict","144","4.18751441590945","-0.3101557623402465","5.489006813633795","6.526553569746959","4.26067550434338","5895","24.464641434262948","4.227480916030534","1.2046556524232472","-1.3240281330819657","-0.4944066955827956","","","33","144.20878363182476"
"69","Speedway","IN","strict","144","3.822128963534635","0.010899850323693191","4.986413030440524","4.562491974553435","4.260063752921275","6137","25.468957503320055","3.8614958448753463","0.7174178856707356","0.5043445447201301","-0.49501214819475103","","","33","144.1238919907531"
"70","Cheviot","OH","strict","144","3.6092038585638884","0.07812547969903172","4.785618699148049","3.669697228911199","4.028739250408532","5982","24.82569721115538","3.6608157806753594","0.43348443414112153","0.8871863302228084","-0.7239548513824023","","","33","144.20067442021283"
"71","South Charleston","WV","strict","144","3.710345894934884","-0.21843331484766684","5.0020459570511555","4.955490404696533","3.4508355637077988","5997","24.887948207171316","3.7447056861764216","0.5683563060394403","-0.8016799469061628","-1.2959082362517238","","","33","144.18894852483618"
"72","Annapolis","MD","strict","144","3.0753514331871905","-0.03801168670934502","4.1888338808436165","2.476884189398844","5.255112384011462","6182","25.655710491367863","3.132319637657716","-0.27840231949221195","0.22579928834387594","0.489791108401077","","","33","144.13198220559784"
"73","West Fairview","PA","strict","144","3.4212192442169957","0.0825866395100831","4.5309179737548755","3.089313850525856","5.269660598612821","6027","25.01245019920319","3.487307117969139","0.18280887198366835","0.912592092925898","0.5041895294122951","","","33","144.16698407205925"
"74","Montpelier","VT","strict","144","3.918744193924197","0.23248565084589223","5.215876571668836","5.288922844403559","5.724444641713661","5295","21.974601593625497","4.054957507082153","0.8462533080536718","1.7662487366514203","0.9542909543073077","","","33","144.29410207004545"
"75","Concord","NH","strict","144","3.7248250708777184","-0.19280160472690874","4.92566601913102","4.096721034169537","5.166854053871322","5367","22.27340637450199","3.824855599031116","0.587664139191939","-0.6557104742615836","0.4024415174082307","","","33","144.28768549349655"
"76","Dover","DE","strict","144","3.4657464775962845","0.11282086776377608","4.676179088759679","3.4721450757170884","4.724648750628835","5245","21.767098273572376","3.6316491897044805","0.24218548265709303","1.0847723467293018","-0.03521068280637056","","","33","144.26822552662878"
"77","Cranston","RI","strict","144","3.351005426108021","-0.02083108969155592","4.475947519387025","2.963524546390146","4.259973555695136","5048","20.949535192563083","3.428684627575277","0.08917946307252722","0.32364069941596446","-0.4951014167181807","","","33","144.35702086132204"
"78","Cranston","RI","strict","144","3.337854614585505","-0.046475603005253815","4.462623469622581","2.9431863028669834","4.238659676673532","5975","24.796646746347943","3.4048535564853557","0.07164299029954692","0.17759831414430016","-0.5161958404632476","","","33","144.21061292928485"
"1","Salt Lake City","UT","all","24","1.1011971864981975","-0.05342724651819998","1.6677012170303924","0.08141008943301206","5.922905724204425","6017","24.970949535192563","1.108027256107695","-0.7523748906740971","-0.11724350002601884","1.1507086109300864","","","33","24.184395425396723"
"2","Jacksboro","TN","all","24","1.4287470135156728","0.1802822111375311","2.041311194304045","0.10616735706617575","4.332022941019361","5819","24.149236387782206","1.4313455920261213","0.14244644669246836","1.6640656114355092","-0.42379387748234804","","","33","24.236409120816102"
"3","Oak Ridge","TN","all","24","1.3658056195067276","0.10206450649359648","1.9277260060255885","0.01030715316429602","4.324080307641354","6350","26.352921646746346","1.3806299212598425","-0.029500834964302034","1.0678984243758858","-0.43165473068309956","","","33","24.16574780434969"
"4","SeaTac","WA","all","24","0.802967466929633","0.04980825068948546","4.3764243968284395","0.07974481658692184","7.211083719515912","6497","26.962981407702525","0.7411112821302139","-1.567097703800667","0.6696066927171405","2.425623067591307","rms","rms","33","24.13143075104614"
"5","Vancouver","WA","all","24","0.9770320978096827","0.0008781586861003066","1.443482153994709","0","7.183856309196975","6568","27.257636122177953","0.9697015834348356","-1.091576934302615","0.2966666346443837","2.398676000369696","","","33","24.076871324041107"
"7","St. George","UT","all","24","0.9165894932069912","-0.039554998249338245","1.3717023793100946","0","4.989204617050138","5732","23.788180610889775","0.9134682484298674","-1.2566978649926908","-0.011510670530601732","0.22662122235165633","","","33","24.282957125383092"
"8","Commerce City","CO","all","24","1.9444129002154293","0.16910455110940295","2.7655729576462615","0.609339767020198","4.0706104051411245","6053","25.120351925630814","1.9988435486535603","1.5511751356145789","1.5788706524781615","-0.6825148169461883","tail_pct","tail_pct","33","24.224164785781475"
"9","North Kansas City","MO","all","24","1.5011407553126286","0.07859479923949686","2.1359506845464455","0.21303380936507316","4.041464509938706","6556","27.207835325365203","1.5006101281269066","0.3402162499665996","0.8890147634645397","-0.7113606156488058","","","33","24.11471160383411"
"10","Bedford Park","IL","all","24","1.632958792301211","-0.2523660251054211","2.2782692123185546","0.24265705080852026","5.385588087615034","6490","26.933930942895085","1.636979969183359","0.7003251018661482","-1.6335341220446464","0.618923387769826","","","33","24.122874116854412"
"11","Rosemont","IL","all","24","1.625458342554104","-0.22987726751648876","2.3061831393117527","0.3034956021761448","5.706485605192795","6657","27.62699203187251","1.6321165690250863","0.6798348987887431","-1.4621271571727974","0.9365168304117804","","","33","24.104419316690127"
"12","Romulus","MI","all","24","1.2117300226732328","-0.11908351507234927","1.7404807658811448","0","5.157315846377444","6267","26.008466135458168","1.2310515398117121","-0.45041429680149614","-0.6176687313076386","0.3930015186900107","","","33","24.186971028056178"
"13","Lynnview","KY","all","24","1.546505546031808","-0.30635776907197987","2.1439416047439686","0.10228052329294887","4.404884732571874","6575","27.286686586985393","1.5384030418250951","0.4641466549077837","-2.0450535634743656","-0.35168229684160485","","bias","33","24.10519942102013"
"14","View Park-Windsor Hills","CA","all","24","1.4464000475277428","0.0394894104635454","2.0219615579490156","0.02006823198876179","9.007225075335645","6337","26.29897078353254","1.4528956919678082","0.19067212169004719","0.5909575687212293","4.203270713395062","flagged_pct","flagged_pct","33","24.146654933323966"
"15","Guadalupe","AZ","all","24","0.7519116137545242","0.016018891042895018","1.1715114679467862","0.020202020202020204","5.033118740364583","6556","27.207835325365203","0.7379499694935937","-1.7065753131602481","0.4120677175611384","0.27008319023882826","","","33","24.12787563497193"
"16","Montgomery","AL","all","24","1.387087886910372","-0.14742621696596928","1.9536554604311256","0.12125037293602746","3.515056693172839","5831","24.199037184594953","1.377465271823015","0.02863940938791341","-0.8336938491311285","-1.232348350369421","","","33","24.239654296260905"
"18","Highland Park","TX","all","24","1.6417766129507323","-0.006131000633111643","2.4288758291387724","0.3887944531847867","4.069751801567838","6307","26.174468791500665","1.68447756461075","0.7244141821081054","0.2432435533354979","-0.6833645800318086","tail_pct","","33","24.166975765007763"
"20","Norfolk","VA","all","24","1.3824441392629725","-0.027493055089827675","1.9254383061490365","0.0177210703526493","4.016012850792077","6135","25.460657370517932","1.4029339853300733","0.015953325813773196","0.08042420222759683","-0.7365502154635466","","","33","24.204181209093203"
"21","Myrtle Beach","SC","all","24","1.199682949089318","-0.1584529684205526","1.6880784200834256","0.014854426619132501","4.286436811989203","5698","23.647078353253654","1.2156897156897157","-0.4833252544834766","-0.9177385986799675","-0.46891063551990425","","","33","24.25229386498772"
"22","Valley Brook","OK","all","24","1.3707646924450558","0.15487283029560514","2.147067599629348","0.40384323352742285","4.423930456126194","6180","25.647410358565736","1.3485436893203884","-0.0159533258137738","1.4703979607365272","-0.33283267482869044","tail_pct","","33","24.217281642159232"
"23","Helena","MT","all","24","1.9237138654643111","-0.17820491424300622","2.8488698219044837","0.729310880804398","4.795802743046243","6287","26.091467463479418","1.9395578177191029","1.4946282031162617","-1.0682858697042314","0.035210682806369686","tail_pct","tail_pct","33","24.195188257101297"
"24","Guttenberg","NJ","all","24","1.6396388972388003","-0.13600607766150488","2.241094419324757","0.06547273175813847","5.871308211948203","6157","25.551958831341302","1.662660386551892","0.7185742351001088","-0.7466507384189869","1.0996423650055034","","","33","24.0723397078596"
"25","Inwood","NY","all","24","1.722827646149034","0.0940032436408903","2.3199834375464947","0.06048096422478705","6.498657296390344","6142","25.489707835325365","1.7341256919570172","0.9458345216693801","1.0064563196641267","1.72053204022082","","","33","24.184956192205938"
"26","College Park","GA","all","24","1.1722770339287483","-0.10869951194780066","1.6950699091640773","0.014854426619132501","4.625169552657144","6091","25.278054448871185","1.176489903135774","-0.5581944671435316","-0.538522942494715","-0.13366560758600496","","","33","24.218822698670362"
"27","Paulsboro","NJ","all","24","1.2438225113238777","-0.018050105561078673","1.7590576071432458","0.05333940375920049","5.009040426117561","5909","24.52274236387782","1.2892198341512946","-0.362742006221232","0.1523973786807726","0.2462527948763172","","","33","24.244686345278694"
"28","Las Vegas","NV","all","24","0.7483437840846368","-0.019543350272450178","1.1154975645255094","0","4.997444909106231","6321","26.23256972111554","0.7351684859990508","-1.7163221359437462","0.14101602322905593","0.23477666943091116","","","33","24.162836742721087"
"29","La Cienega","NM","all","24","1.1800954941846598","-0.14072012898632688","1.6281247357136774","0","4.242954178292572","5075","21.061586985391767","1.1814778325123152","-0.5368355028416857","-0.7825807459635353","-0.5119455565597832","","","33","24.234531473257967"
"30","Bangor","ME","all","24","1.6662403903020406","-0.25228817739136405","2.283590540178773","0.1305739686788794","5.320622746838724","5452","22.626162018592296","1.6971753484959649","0.7912458765891033","-1.6329407748872515","0.5546269532405186","","","33","24.281889521304603"
"31","Coronado","CA","all","24","0.9228875588896516","0.154634884339094","1.3816320057829754","0","7.937340449110705","5976","24.800796812749006","0.9593373493975904","-1.23949241076212","1.4685843614726366","3.144401999678259","","flagged_pct","33","24.236234303241286"
"32","Bismarck","ND","all","24","2.395225588804358","0.024562267103021073","3.1179581096473363","0.30707703961338323","4.8149317096301845","6266","26.004316069057104","2.4369613788700923","2.7827337554988154","0.4771844388577259","0.054142690749075545","","mad","33","24.119205282095994"
"33","Edmundson","MO","all","24","1.7376018528415225","-0.12718183842475325","2.348930665987152","0.09082870981793488","3.715323626522863","6078","25.22410358565737","1.7393879565646595","0.9861956340884604","-0.6793933072828596","-1.0341434365698985","","","33","24.115756980804516"
"34","Juneau","AK","all","24","1.53485426617927","0.19457302783599084","2.4485795463491535","0.346539489988647","8.628733852854088","6372","26.44422310756972","1.6222536095417452","0.4323169515780242","1.7729887258466164","3.828676571112392","flagged_pct","flagged_pct","33","24.16703718759763"
"35","Carolina","PR","all","24","0.6601110582533793","-0.042632336480946095","5.335578462004665","0.08417508417508417","5.807329755302953","5987","24.84644754316069","0.6261900785034241","-1.957361877734271","-0.034965821580102044","1.036322653297356","rms","rms","33","24.255197936264036"
"36","Pierre","SD","all","24","2.6059005314085457","-0.025176435164223344","3.4172034079099007","0.8857810710059034","4.640304408225068","6055","25.128652058432937","2.5996696944673823","3.358268890434625","0.09808123768805771","-0.11868658587219201","tail_pct","mad;tail_pct","33","24.158016199876528"
"38","Gonzales","LA","all","24","1.1005293250483459","0.0928383204841631","1.6831603387730663","0.15662786263127648","3.4489259461528166","5979","24.813247011952193","1.1239337681886603","-0.7541993968299192","0.9975773968595243","-1.2977981917053971","","","33","24.2467351340553"
"39","Waimea","HI","all","24","0.5139396950344788","0.04766224252018851","1.9665786407195376","0.058125110756689705","3.946239531574573","5677","23.559926958831344","0.5243966883917562","-2.3566820541825777","0.6532500422692556","-0.8056051237785452","","mad","33","24.250959418591375"
"40","Roanoke","VA","all","24","1.5277632506122978","-0.06699135090233596","2.1135419931301898","0.03963260997488464","4.421529857025675","6476","26.87583001328021","1.5378319950586783","0.4129452666936155","-0.2206276889700052","-0.33520855650733977","","","33","24.127442698050455"
"41","Portland","OR","all","24","0.9040583457658866","-0.03400927958184014","1.30815101393014","0","6.715996100005902","6511","27.0210823373174","0.9026263246813085","-1.290931246258951","0.03075821876085571","1.9356330462397342","","","33","24.08399530261761"
"42","Eugene","OR","all","24","1.0141313317254008","-0.00013361954147390675","1.5000830368486096","0.016559032952475575","6.326951076263836","6581","27.311586985391767","1.0215772678924175","-0.9902269002939972","0.2889549665174942","1.5505937683867286","","","33","24.058513070789573"
"44","Vernon","CA","all","24","1.4278673696182016","-0.05785075050570527","1.9798941829608125","0","9.392028544270792","6272","26.029216467463478","1.4261798469387754","0.14004337984945178","-0.15095898606825153","4.584112108997521","flagged_pct","flagged_pct","33","24.057816437480113"
"45","Sacramento","CA","all","24","0.8110876387733669","-0.012420258623203624","1.1863095472361902","0","4.5052707801638565","6325","26.24916998671979","0.7871936758893281","-1.544914504697745","0.19530748487486263","-0.2523298596877995","","","33","24.131599414269626"
"48","Camden","NJ","all","24","1.2785097170805142","-0.12150279179740123","1.7907559529691837","0.05062142158916352","5.4910341179234035","6295","26.12466799468792","1.3348689436060366","-0.2679813033160011","-0.6361082061868709","0.7232837082588986","","","33","24.091618628248483"
"49","Boston","MA","all","24","1.3480631088636499","-0.13547748752384758","1.8712741194100266","0.06902949580611062","4.626615099451605","6197","25.7179614873838","1.3851863805066968","-0.07797094788251867","-0.742621879519213","-0.13223494465530197","","","33","24.238000427361158"
"51","Buffalo","NY","all","24","1.5047583120331256","0.20370038676600694","2.0865333079578816","0.13415574907495986","7.558873867163026","6748","28.004648074369186","1.5186721991701244","0.35009892025255235","1.8425565036708555","2.769832244221769","","bias","33","24.05855246153481"
"52","Charlotte","NC","all","24","1.4383801628310242","-0.24664723234858404","2.018807178025137","0.03592668354069238","4.161409755414299","6441","26.730577689243027","1.4535010091600684","0.16876289335923667","-1.5899460800950558","-0.5926503690670545","","","33","24.14258186340695"
"53","Wilmington","NC","all","24","1.3094868457697089","-0.16748022543658536","1.8236134613253785","0.033518417271326095","4.097670465797456","6385","26.498173970783533","1.3143304620203602","-0.18335602363309494","-0.9865434101559819","-0.6557333762955553","","","33","24.173709222414047"
"54","Myrtle Beach","SC","all","24","1.213782822022691","-0.09352931588623394","1.7244661266886743","0.033518417271326095","4.20606058843136","6326","26.25332005312085","1.2134049952576669","-0.44480632968408607","-0.4228972902931129","-0.5484592769023007","","","33","24.188125689053805"
"56","Miami","FL","all","24","0.6863209291819712","-0.027009278327394963","1.0393417980727004","0","5.9714760623986285","6470","26.850929614873838","0.6964451313755796","-1.885760094365671","0.08411149825523201","1.1987788516531013","","","33","24.146866016020155"
"57","Tampa","FL","all","24","0.7916329567003972","-0.03653457630274693","1.1516920308628182","0","4.293841634797754","6210","25.77191235059761","0.8024154589371981","-1.5980620358354953","0.011510670530601732","-0.46158205539976793","","","33","24.187144062922293"
"58","Goulding","FL","all","24","0.9959201633148764","0.025465826953654683","1.4079342858552508","0","3.781895220983649","5906","24.510292164674635","1.005926176769387","-1.0399773221473534","0.48407127780223863","-0.9682572869151518","","","33","24.241982538829053"
"60","Pocatello","ID","all","24","1.1293648101899978","0.07477203938049545","1.6659846379454013","0.05624174022628295","5.7876103858885575","5937","24.63894422310757","1.1298635674583122","-0.6754247944647953","0.859878086514994","1.0168063215216554","","","33","24.22295023181059"
"61","Hartrandt","WY","all","24","2.4128968929796","-0.21542184090858812","3.3575029600479454","1.011082588621651","5.554955031039552","6373","26.448373173970786","2.4095402479209165","2.8310093420838687","-1.3519494031999666","0.7865464689265795","tail_pct","mad;tail_pct","33","24.13654131641009"
"62","Yankee Hill","NE","all","24","1.854539545717461","-0.01358898810759969","2.5709276282634517","0.34493816536279615","4.439510755411944","5931","24.614043824701195","1.8615747765975383","1.3056534206505805","0.18639955063775027","-0.31741279584394816","","","33","24.211040534313376"
"63","Little Rock","AR","all","24","1.3295981342851577","-0.05667655895400562","1.969411689590814","0.10321430625035939","3.9123528835087744","5967","24.763446215139442","1.3324953913189208","-0.12841473348062396","-0.14200942052381904","-0.839142862867491","","","33","24.182952380677147"
"64","St. Paul","MN","all","24","1.5920378624436091","-0.11017566584725874","2.1699699645584007","0.07146509669989616","6.365355716854861","6557","27.21198539176627","1.576788165319506","0.588534717133296","-0.5497740335605182","1.5886029811434923","","","33","24.100852881968635"
"65","Shorewood Hills","WI","all","24","1.5534710705034576","-0.25605889271946175","2.1896081472401425","0.13386255644545","5.433644690771602","6519","27.0542828685259","1.5838318760546095","0.48317551527976144","-1.6616807738502475","0.6664851830538117","","","33","24.117741573799574"
"66","Windsor Heights","IA","all","24","1.744451808502253","0.0363377712139418","2.3441559794169886","0.05859448712320887","5.47992103590436","6101","25.319555112881808","1.76135059826258","1.0049087762721975","0.5669361030618099","0.71228505048357","","","33","24.19806428628218"
"67","Jackson","MS","all","24","1.3303185381695632","-0.16409306691605652","1.8498768055773478","0.034657424686750204","3.4870642576691186","6109","25.35275564409031","1.3322966115567196","-0.12644668857839467","-0.9607268411771158","-1.2600525658045096","","","33","24.16870683695642"
"68","Topeka","KS","all","24","1.7713210000516926","0.04881736597553366","2.4476322523120153","0.3274605106109517","4.26067550434338","6136","25.46480743691899","1.7480443285528031","1.0783117334196768","0.6620542727719865","-0.4944066955827956","","","33","24.199988485572653"
"69","Speedway","IN","all","24","1.623166978505485","0.06466215188632861","2.204696343132796","0.1384470204606311","4.260063752921275","6390","26.518924302788843","1.6178403755868545","0.6735752055352046","0.7828215784478769","-0.49501214819475103","","","33","24.126436552196687"
"70","Cheviot","OH","all","24","1.338976392700141","0.003185049424804738","1.8852286945222534","0.09793570249217039","4.028739250408532","6220","25.813413014608233","1.3564308681672026","-0.10279461389919341","0.3142495152570017","-0.7239548513824023","","","33","24.190938959031882"
"71","South Charleston","WV","all","24","1.5330275509896332","-0.16122122021434354","2.2222325735224273","0.11992294102410363","3.4508355637077988","6190","25.68891102257636","1.567205169628433","0.4273266154698896","-0.9388379251366803","-1.2959082362517238","","","33","24.176511794737277"
"72","Annapolis","MD","all","24","1.4091673531397628","-0.211284303202492","1.997416079690762","0.06809478843796613","5.255112384011462","6526","27.083333333333332","1.4362549800796813","0.08895749192095456","-1.3204135223297049","0.489791108401077","","","33","24.14154329244738"
"73","West Fairview","PA","all","24","1.5652752036297652","-0.13971392024419577","2.229869477744805","0.16621130951528248","5.269660598612821","6374","26.452523240371846","1.5729526200188264","0.5154227928518912","-0.7749115278738221","0.5041895294122951","","","33","24.175935634813822"
"74","Montpelier","VT","all","24","1.8120771257811505","0.11489352769167832","2.510940672202274","0.20449086792517834","5.724444641713661","5619","23.31922310756972","1.8622530699412707","1.1896518958102","1.1656798859414652","0.9542909543073077","","","33","24.311689131305506"
"75","Concord","NH","all","24","1.8002187404733476","-0.2685445612789113","2.4327979689467307","0.14062601240221756","5.166854053871322","5674","23.547476759628154","1.8227000352485019","1.1572564086968147","-1.756845237414227","0.4024415174082307","","","33","24.279680476675722"
"76","Dover","DE","all","24","1.2898919027115108","-0.06535720929041262","1.8112574259861083","0.04499792444997924","4.724648750628835","5519","22.904216467463478","1.3265084254393913","-0.2368867286028248","-0.20817243203716243","-0.03521068280637056","","","33","24.291971320111436"
"77","Cranston","RI","all","24","1.3229791517215013","-0.1226900877538881","1.84211560202493","0.0333286320653342","4.259973555695136","5277","21.899900398406373","1.3475459541406103","-0.14649688874703798","-0.6451576521378641","-0.4951014167181807","","","33","24.325979819667875"
"78","Cranston","RI","all","24","1.3279491224283977","-0.14108586642965473","1.8425789718670722","0.02692403718796681","4.238659676673532","6238","25.888114209827357","1.3613337608207758","-0.1329196083829716","-0.7853683586118957","-0.5161958404632476","","","33","24.227762377382867"
"1","Salt Lake City","UT","all","48","1.5571124226335522","-0.14376956292299156","2.191251840920205","0.2419443079924827","5.922905724204425","6017","24.970949535192563","1.5574206415157055","-0.5163488640007947","-0.9621582324554887","1.1507086109300864","","","33","48.20634317232635"
"2","Jacksboro","TN","all","48","1.7681983874467482","0.2481498420531294","2.437070225857295","0.18290859819460722","4.332022941019361","5819","24.149236387782206","1.7692043306410037","0.06799726035610532","2.6439511035871046","-0.42379387748234804","","bias","33","48.229822414073055"
"3","Oak Ridge","TN","all","48","1.7035360579241092","0.12895776800675876","2.3301319872324466","0.0901373608354128","4.324080307641354","6350","26.352921646746346","1.7236220472440944","-0.11100650089292635","1.5472469201668284","-0.43165473068309956","","","33","48.16547140294226"
"4","SeaTac","WA","all","48","1.1708169734765816","0.032938528107876466","4.5080162027769015","0.07974481658692184","7.211083719515912","6497","26.962981407702525","1.1045097737417269","-1.5857247875556717","0.6637594657495874","2.425623067591307","rms","rms","33","48.12982351094854"
"5","Vancouver","WA","all","48","1.3001246621371052","-0.05864448487578713","1.7889602521212449","0.03276003276003276","7.183856309196975","6568","27.257636122177953","1.2813641900121802","-1.2277642439203138","-0.17890959822141306","2.398676000369696","","","33","48.07904371677868"
"7","St. George","UT","all","48","1.3422287075985613","-0.1097405755396015","1.8484569549314562","0.045004500450045004","4.989204617050138","5732","23.788180610889775","1.3288555478018145","-1.111208243586887","-0.6490524062543206","0.22662122235165633","","","33","48.29205374574913"
"8","Commerce City","CO","all","48","2.361706569335931","0.3084519017729457","3.311847465781","1.0690029541280561","4.0706104051411245","6053","25.120351925630814","2.415496448042293","1.7109970977350288","3.1987994162178013","-0.6825148169461883","tail_pct","bias;tail_pct","33","48.242628281967356"
"9","North Kansas City","MO","all","48","1.9382755943920251","-0.009001719273273145","2.668067197238778","0.3889093544450171","4.041464509938706","6556","27.207835325365203","1.931665649786455","0.5388194526694148","0.2778609475419615","-0.7113606156488058","","","33","48.12331028179086"
"10","Bedford Park","IL","all","48","2.070904102008163","-0.05159424181093198","2.8196237662692925","0.39880009239270553","5.385588087615034","6490","26.933930942895085","2.0648690292758087","0.9059729698315598","-0.1140392523933142","0.618923387769826","","","33","48.12193167933787"
"11","Rosemont","IL","all","48","2.056677581811911","-0.04599739298022331","2.8361896371074518","0.3892960427223064","5.706485605192795","6657","27.62699203187251","2.0518251464623702","0.8665899064094049","-0.0625418053044993","0.9365168304117804","","","33","48.1063318299579"
"12","Romulus","MI","all","48","1.569513304582032","-0.07410588356608348","2.1599638980286477","0.017825311942959002","5.157315846377444","6267","26.008466135458168","1.588319770224988","-0.48201968767865305","-0.3211722508419219","0.3930015186900107","","","33","48.183599122013256"
"13","Lynnview","KY","all","48","1.918003054911138","-0.34698950617280405","2.601224542770067","0.1882663067520911","4.404884732571874","6575","27.286686586985393","1.914980988593156","0.48269928434362336","-2.8320154666688473","-0.35168229684160485","","bias","33","48.10754846503486"
"14","View Park-Windsor Hills","CA","all","48","1.9019344953663475","0.12031469130641029","2.5869641462189854","0.258654127244868","9.007225075335645","6337","26.29897078353254","1.8808584503708379","0.4382169308991114","1.4677206727151162","4.203270713395062","flagged_pct","flagged_pct","33","48.15542106444354"
"15","Guadalupe","AZ","all","48","1.1613028331351682","-0.07045752221893885","1.6170200541036577","0.05844155844155845","5.033118740364583","6556","27.207835325365203","1.1436851738865161","-1.6120626401931626","-0.2876031298743168","0.27008319023882826","","","33","48.1184541345553"
"16","Montgomery","AL","all","48","1.7097222621841697","0.012784599367910637","2.3526989809844183","0.17708165535716736","3.515056693172839","5831","24.199037184594953","1.7206311095866917","-0.09388132401512911","0.4783201390299625","-1.232348350369421","","","33","48.23413917713145"
"18","Highland Park","TX","all","48","2.138699429571253","0.11957007428786935","3.0551282443995738","0.939755885158255","4.069751801567838","6307","26.174468791500665","2.1753607103218644","1.0936497627725643","1.4608693396393775","-0.6833645800318086","tail_pct","","33","48.16634465997863"
"20","Norfolk","VA","all","48","1.781364517657002","0.043373271208385945","2.4277516150809557","0.10667404264126282","4.016012850792077","6135","25.460657370517932","1.8184189079054605","0.10444486201426735","0.7597711049697631","-0.7365502154635466","","","33","48.20915656708773"
"21","Myrtle Beach","SC","all","48","1.499712486189922","-0.19760333784898043","2.0589232747287918","0.029708853238265002","4.286436811989203","5698","23.647078353253654","1.5293085293085293","-0.675248250934695","-1.457490884756418","-0.46891063551990425","","","33","48.229661299879766"
"22","Valley Brook","OK","all","48","1.95814689261351","0.26494549520913413","2.9762109334241535","0.9802012187596795","4.423930456126194","6180","25.647410358565736","1.9297734627831715","0.593828870808327","2.798490432035238","-0.33283267482869044","tail_pct","bias","33","48.22557194281887"
"23","Helena","MT","all","48","2.3381842469907523","-0.09407971102879203","3.3320657117697183","1.5286772211272117","4.795802743046243","6287","26.091467463479418","2.3480197232384286","1.6458806040333136","-0.5049544386470034","0.035210682806369686","tail_pct","tail_pct","33","48.18050549353085"
"24","Guttenberg","NJ","all","48","1.9225351262422596","-0.0778902729390163","2.586298646098183","0.18839493324242443","5.871308211948203","6157","25.551958831341302","1.94883872015592","0.4952453497345346","-0.3559929861147388","1.0996423650055034","","","33","48.084460995544696"
"25","Inwood","NY","all","48","1.9296683503958965","0.1953799368911088","2.5582967826318774","0.20409947131003484","6.498657296390344","6142","25.489707835325365","1.9438293715402148","0.5149921476423704","2.1584072768443616","1.72053204022082","","","33","48.185597062564746"
"26","College Park","GA","all","48","1.5796480948815343","0.034320872887877725","2.2321329929336766","0.23818145232752874","4.625169552657144","6091","25.278054448871185","1.6003940239697916","-0.45396369903002315","0.6764786277852003","-0.13366560758600496","","","33","48.20036648354488"
"27","Paulsboro","NJ","all","48","1.6028113662848478","0.0017103990534074792","2.190040538041871","0.14472157283389356","5.009040426117561","5909","24.52274236387782","1.635809781688949","-0.3898411606891554","0.3764247578972808","0.2462527948763172","","","33","48.24925178482986"
"28","Las Vegas","NV","all","48","1.1009070770282325","-0.034489480025177585","1.5486065338730075","0.05251665330716714","4.997444909106231","6321","26.23256972111554","1.087327954437589","-1.7792553099659951","0.0433442310046351","0.23477666943091116","","","33","48.17146682681549"
"29","La Cienega","NM","all","48","1.6532937709571156","-0.07697571070600326","2.174900582674212","0.048075254260821265","4.242954178292572","5075","21.061586985391767","1.6423645320197044","-0.25009147366206114","-0.34757796158422016","-0.5119455565597832","","","33","48.23455027197531"
"30","Bangor","ME","all","48","1.9870177914940128","-0.15752416730296973","2.6641210341301886","0.16008931202163734","5.320622746838724","5452","22.626162018592296","2.026962582538518","0.673751749065305","-1.0887164141592847","0.5546269532405186","","","33","48.2731259421924"
"31","Coronado","CA","all","48","1.2913502559175833","0.09771450372797565","1.87346672208259","0.0661051315363062","7.937340449110705","5976","24.800796812749006","1.3642904953145918","-1.2520543016342323","1.2597729508413484","3.144401999678259","","flagged_pct","33","48.24663161211056"
"32","Bismarck","ND","all","48","2.7786229479368267","-0.02571815714194308","3.5959845148033245","0.7761900377716157","4.8149317096301845","6266","26.004316069057104","2.8327481646983723","2.865140483023321","0.124050490855696","0.054142690749075545","tail_pct","mad","33","48.124594256672275"
"33","Edmundson","MO","all","48","2.207559050927528","-0.20334603863580833","2.9617058351551075","0.4645116058292792","3.715323626522863","6078","25.22410358565737","2.198749588680487","1.2842728243287025","-1.510330337609591","-1.0341434365698985","","","33","48.1115345558431"
"34","Juneau","AK","all","48","2.0694562405223578","0.12197234042675545","3.004072967061984","0.6910190194415345","8.628733852854088","6372","26.44422310756972","2.171531701192718","0.901964876500558","1.4829729513541994","3.828676571112392","flagged_pct","flagged_pct","33","48.162345516898654"
"35","Carolina","PR","all","48","0.8707873028534316","-0.08923388143499603","5.37562625364484","0.08417508417508417","5.807329755302953","5987","24.84644754316069","0.8465007516285284","-2.4162924445567815","-0.46036723240717975","1.036322653297356","rms","mad;rms","33","48.239498823742075"
"36","Pierre","SD","all","48","2.8866537637486998","-0.16014555791089238","3.735290745605345","1.0297524922074843","4.640304408225068","6055","25.128652058432937","2.897440132122213","3.164200577268089","-1.1128362230399405","-0.11868658587219201","tail_pct","mad;tail_pct","33","48.170800788717806"
"38","Gonzales","LA","all","48","1.488227426845045","0.1564889765222924","2.1453168313625817","0.17739914142339525","3.4489259461528166","5979","24.813247011952193","1.5112895132965378","-0.7070421692187793","1.80056570663123","-1.2977981917053971","","","33","48.260353630538965"
"39","Waimea","HI","all","48","0.7909941740656293","0.08664932020886379","2.1164068968249183","0.0682261208576998","3.946239531574573","5677","23.559926958831344","0.7986612647525101","-2.6371825714713135","1.1579605345979498","-0.8056051237785452","","mad","33","48.28931101247443"
"40","Roanoke","VA","all","48","1.8582338406582306","0.0027514237556890554","2.5112657631836464","0.19795751293147115","4.421529857025675","6476","26.87583001328021","1.8707535515750464","0.3172410610294779","0.38600338261012773","-0.33520855650733977","","","33","48.12744176661691"
"41","Portland","OR","all","48","1.2255493215629483","-0.11229123119574135","1.6685509459487367","0","6.715996100005902","6511","27.0210823373174","1.2124097680847796","-1.4342100456374929","-0.6725213722147996","1.9356330462397342","","","33","48.08306617890127"
"42","Eugene","OR","all","48","1.3582213446723668","-0.05596047607467955","1.9019066502451143","0.10975759985967223","6.326951076263836","6581","27.311586985391767","1.3628627868105152","-1.0669360651850925","-0.15421362993608603","1.5505937683867286","","","33","48.061400164275014"
"44","Vernon","CA","all","48","1.9576682800861853","0.12267130220383593","2.65229732802455","0.29334179214585276","9.392028544270792","6272","26.029216467463478","1.894610969387755","0.5925039348958029","1.4894042036929818","4.584112108997521","flagged_pct","flagged_pct","33","48.06104185437108"
"45","Sacramento","CA","all","48","1.2461994578226814","-0.06564986746637219","1.727179214982704","0.026350461133069828","4.5052707801638565","6325","26.24916998671979","1.2219762845849802","-1.3770445817872758","-0.2433671760848981","-0.2523298596877995","","","33","48.12618077509025"
"48","Camden","NJ","all","48","1.637859874760974","-0.02421113026245401","2.2285449751847204","0.1318542327108784","5.4910341179234035","6295","26.12466799468792","1.6942017474185862","-0.29281689803560157","0.1379168716237618","0.7232837082588986","","","33","48.103372915444446"
"49","Boston","MA","all","48","1.696839447309121","0.006838511034322922","2.2939409397610424","0.1463694320802162","4.626615099451605","6197","25.7179614873838","1.7374536065838309","-0.12954462806144088","0.4236092867974964","-0.13223494465530197","","","33","48.24431908340977"
"51","Buffalo","NY","all","48","1.849305629548908","0.29245134727784866","2.493621132704876","0.0842617264121394","7.558873867163026","6748","28.004648074369186","1.8685536455246","0.2925252275358117","3.05157591002233","2.769832244221769","","bias","33","48.05826673253057"
"52","Charlotte","NC","all","48","1.7308285154664986","-0.1606352438834639","2.370173254534145","0.16439953964558635","4.161409755414299","6441","26.730577689243027","1.743828598043782","-0.03545319822221513","-1.117341897255094","-0.5926503690670545","","","33","48.15148060501972"
"53","Wilmington","NC","all","48","1.623866357907594","-0.13230579402425105","2.2233555947316597","0.10694294074355298","4.097670465797456","6385","26.498173970783533","1.6305403288958495","-0.3315549417830009","-0.8566783722416225","-0.6557333762955553","","","33","48.17655329901583"
"54","Myrtle Beach","SC","all","48","1.5159427189783274","-0.14228928892579387","2.094937969979696","0.029855202268995372","4.20606058843136","6326","26.25332005312085","1.5194435662345873","-0.6303183398640652","-0.9485380089773454","-0.5484592769023007","","","33","48.18077291219637"
"56","Miami","FL","all","48","0.9373222560555893","-0.15488996964887145","1.333255456826876","0.016291951775822745","5.9714760623986285","6470","26.850929614873838","0.960741885625966","-2.232104727138641","-1.0644787657223465","1.1987788516531013","","","33","48.15275008760121"
"57","Tampa","FL","all","48","1.0686274358398926","-0.008099199735146516","1.480627233914171","0","4.293841634797754","6210","25.77191235059761","1.0900161030595814","-1.868614558652806","0.28616516542726267","-0.46158205539976793","","","33","48.19041012189621"
"58","Goulding","FL","all","48","1.2594552889460082","0.046580874782140715","1.7305343913880635","0.05441014428948435","3.781895220983649","5906","24.510292164674635","1.2946156451066713","-1.3403486624309107","0.7892847474349669","-0.9682572869151518","","","33","48.2322917620331"
"60","Pocatello","ID","all","48","1.6366723666777112","-0.055391371932064566","2.2728914106347697","0.17878923774747746","5.7876103858885575","5937","24.63894422310757","1.6371905002526528","-0.2961042589300657","-0.148977217204776","1.0168063215216554","","","33","48.237060269872394"
"61","Hartrandt","WY","all","48","3.0047329164641","-0.3037125152045231","4.035841017632612","2.059742147285499","5.554955031039552","6373","26.448373173970786","2.9817982112035146","3.491077332516371","-2.433817369853361","0.7865464689265795","rms;tail_pct","mad;bias;rms;tail_pct","33","48.14182620023908"
"62","Yankee Hill","NE","all","48","2.2787522845292463","-0.017422355758049034","3.042190117214929","0.4536170215284021","4.439510755411944","5931","24.614043824701195","2.2871353903220366","1.4813559898173012","0.20038140593819387","-0.31741279584394816","","","33","48.198398189036475"
"63","Little Rock","AR","all","48","1.75644235028293","-0.08649536793168346","2.4930812841043446","0.4365593272999327","3.9123528835087744","5967","24.763446215139442","1.7464387464387465","0.03545319822221513","-0.43516975816684234","-0.839142862867491","","","33","48.18684629342704"
"64","St. Paul","MN","all","48","2.0122148541680445","-0.12342712899651162","2.7062375445138245","0.22471258246149295","6.365355716854861","6557","27.21198539176627","2.011285648924813","0.7435044014113689","-0.7749844411894542","1.5886029811434923","","","33","48.101566227106964"
"65","Shorewood Hills","WI","all","48","1.9888777161479707","0.006381182132598862","2.735118357385192","0.44302017424670787","5.433644690771602","6519","27.0542828685259","2.0211688909341925","0.6789005507115821","0.4194013348532701","0.6664851830538117","","","33","48.10718672685903"
"66","Windsor Heights","IA","all","48","2.1546321872885934","0.05540105733164111","2.8712629953541033","0.30048833046594225","5.47992103590436","6101","25.319555112881808","2.165874446811998","1.1377561780460028","0.8704405724171244","0.71228505048357","","","33","48.2056054592188"
"67","Jackson","MS","all","48","1.7112039157083876","-0.07570829415334847","2.31493228720321","0.09918764420664856","3.4870642576691186","6109","25.35275564409031","1.7266328367981667","-0.08977968468878789","-0.33591627143784475","-1.2600525658045096","","","33","48.16936255553886"
"68","Topeka","KS","all","48","2.183655748804161","-0.04379561753722672","2.9334323728438156","0.40363659763084253","4.26067550434338","6136","25.46480743691899","2.1755215123859193","1.2181016699959992","-0.042282938608824795","-0.4944066955827956","","","33","48.18720295500179"
"69","Speedway","IN","all","48","2.061214209679109","0.14214225205742656","2.7738658766116653","0.28724943288813176","4.260063752921275","6390","26.518924302788843","2.0469483568075115","0.8791485855910951","1.6685593390528355","-0.49501214819475103","","","33","48.11849477708799"
"70","Cheviot","OH","all","48","1.8481358651457838","0.11170561425740566","2.5243236683959718","0.20109462496201927","4.028739250408532","6220","25.813413014608233","1.8434083601286173","0.28928698620611804","1.388507261164297","-0.7239548513824023","","","33","48.204518084647"
"71","South Charleston","WV","all","48","1.8580745660160316","-0.10903392008503254","2.599401659678937","0.31833579868494954","3.4508355637077988","6190","25.68891102257636","1.8909531502423262","0.3168001434158427","-0.6425503632328943","-1.2959082362517238","","","33","48.183960623476445"
"72","Annapolis","MD","all","48","1.7236933153094007","-0.16628230673975442","2.372407174212576","0.15387514931654378","5.255112384011462","6526","27.083333333333332","1.750536316273368","-0.05520546627092555","-1.1693013711385811","0.489791108401077","","","33","48.131207243509174"
"73","West Fairview","PA","all","48","1.8223769992948848","-0.034604823473063206","2.482511469073982","0.1980346797987477","5.269660598612821","6374","26.452523240371846","1.8324443049890178","0.2179791025146434","0.04228293860882473","0.5041895294122951","","","33","48.17374115216717"
"74","Montpelier","VT","all","48","2.108765575787094","0.19398559019165512","2.8395813594934585","0.3856851873488686","5.724444641713661","5619","23.31922310756972","2.155543691048229","1.01078432232834","2.1455776833444262","0.9542909543073077","","","33","48.306448863440956"
"75","Concord","NH","all","48","2.054866069075432","-0.2030823003368008","2.732218339752137","0.24771482461121777","5.166854053871322","5674","23.547476759628154","2.088297497356362","0.861575122751375","-1.5079036418904008","0.4024415174082307","","","33","48.28413230711045"
"76","Dover","DE","all","48","1.663358116753687","0.024949421344855085","2.2639178066648005","0.11552891500285889","4.724648750628835","5519","22.904216467463478","1.707193332125385","-0.2222304954789843","0.5902504939584925","-0.03521068280637056","","","33","48.304554033281654"
"77","Cranston","RI","all","48","1.6443426847039249","-0.08515746669529269","2.2430973252319353","0.14303911500229166","4.259973555695136","5277","21.899900398406373","1.6668561682774303","-0.2748706320749153","-0.42285952785419517","-0.4951014167181807","","","33","48.33270121557774"
"78","Cranston","RI","all","48","1.6495859002540847","-0.10751991291779982","2.246569931326862","0.1320457983944212","4.238659676673532","6238","25.888114209827357","1.6790638025008016","-0.2603559167615825","-0.6286197557884224","-0.5161958404632476","","","33","48.21172952762489"
"1","Salt Lake City","UT","all","72","1.9260267281437422","-0.11194298720480253","2.6603508316395126","0.40631977335628683","5.922905724204425","6017","24.970949535192563","1.9346850589995015","-0.2932381316003544","-0.5662983796050676","1.1507086109300864","","","33","72.17336613201765"
"2","Jacksboro","TN","all","72","2.024927014340205","0.2252760404047955","2.736645789430555","0.19160179219742635","4.332022941019361","5819","24.149236387782206","2.025262072521052","-0.06078257118262633","2.0558834143715403","-0.42379387748234804","","","33","72.22719909445239"
"3","Oak Ridge","TN","all","72","1.9606389539091262","0.11312750761796526","2.6513921815352517","0.13614245428183125","4.324080307641354","6350","26.352921646746346","1.9718110236220472","-0.21188544146137445","1.1838275194851242","-0.43165473068309956","","","33","72.17432816727582"
"4","SeaTac","WA","all","72","1.407132768217087","0.08433611166267355","3.910835943529517","0.0531632110579479","7.211083719515912","6497","26.962981407702525","1.3649376635370172","-1.5128482145531663","0.95994847318012","2.425623067591307","","","33","72.1286061902993"
"5","Vancouver","WA","all","72","1.65715690858823","-0.022360830699286554","2.247693722439425","0.0710020441741536","7.183856309196975","6568","27.257636122177953","1.6440316686967114","-0.9251906464801888","0.13028360605285347","2.398676000369696","","","33","72.08678762034103"
"7","St. George","UT","all","72","1.5490625111150715","-0.13762825785144597","2.102389755136139","0","4.989204617050138","5732","23.788180610889775","1.5364619678995115","-1.1792560765106472","-0.766024502832502","0.22662122235165633","","","33","72.27999964284396"
"8","Commerce City","CO","all","72","2.803492524844759","0.4129988677039904","3.8794326396725576","2.1755059689641003","4.0706104051411245","6053","25.120351925630814","2.8683297538410706","1.7691603847632753","3.5155975460060067","-0.6825148169461883","bias;tail_pct","bias;tail_pct","33","72.23500437207576"
"9","North Kansas City","MO","all","72","2.4290204694926096","-0.03849313118330128","3.312866438164476","1.0288297300295624","4.041464509938706","6556","27.207835325365203","2.4215985356924956","0.8890000249161494","0.004840433631643961","-0.7113606156488058","","","33","72.1176033890627"
"10","Bedford Park","IL","all","72","2.479002738376903","-0.09023451894317686","3.3068193360745393","0.6776888785839186","5.385588087615034","6490","26.933930942895085","2.4841294298921417","1.0064785153359637","-0.3974954782555778","0.618923387769826","","","33","72.12384291738957"
"11","Rosemont","IL","all","72","2.47399745492881","-0.06297802818199534","3.325546787740795","0.6799600251731195","5.706485605192795","6657","27.62699203187251","2.4796454859546344","0.9947140805327639","-0.18555170287524828","0.9365168304117804","","","33","72.10275521682743"
"12","Romulus","MI","all","72","1.9533395739058528","-0.09368962760155974","2.64382024012275","0.15252137549095796","5.157315846377444","6267","26.008466135458168","1.9795755544917824","-0.22904192841018145","-0.4243620613319969","0.3930015186900107","","","33","72.18528792843588"
"13","Lynnview","KY","all","72","2.336228752118994","-0.36039124379214105","3.1692534116730164","0.6601115880463216","4.404884732571874","6575","27.286686586985393","2.3233460076045627","0.6709020649025743","-2.498207441162439","-0.35168229684160485","","bias","33","72.10564757774486"
"14","View Park-Windsor Hills","CA","all","72","2.053156046012277","0.09017584230336678","2.718489278986317","0.1304277764151258","9.007225075335645","6337","26.29897078353254","2.0880542843616854","0.005567038406430847","1.0053576408546112","4.203270713395062","flagged_pct","flagged_pct","33","72.1445396523492"
"15","Guadalupe","AZ","all","72","1.3706191287065872","-0.059176971477246876","1.8914413769936833","0.07669639597350442","5.033118740364583","6556","27.207835325365203","1.3406040268456376","-1.598669993859683","-0.155995062018662","0.27008319023882826","","","33","72.12609457396128"
"16","Montgomery","AL","all","72","1.9928906277560365","0.04579668432593434","2.720592682143935","0.2843705120242029","3.515056693172839","5831","24.199037184594953","1.9984565254673299","-0.13608100037411033","0.6602696993308665","-1.232348350369421","","","33","72.24339738684442"
"18","Highland Park","TX","all","72","2.4037978825415784","0.15394949116742365","3.396100722428976","1.374507715373446","4.069751801567838","6307","26.174468791500665","2.4403044236562548","0.8297167729623596","1.5012552246065767","-0.6833645800318086","","","33","72.1660777046491"
"20","Norfolk","VA","all","72","2.1936654340435626","0.07489674733693312","2.952727721079558","0.4561539536476697","4.016012850792077","6135","25.460657370517932","2.2511817440912796","0.3358207696634056","0.8865489101212878","-0.7365502154635466","","","33","72.20258718890439"
"21","Myrtle Beach","SC","all","72","1.7637772715763658","-0.1502326525815486","2.4145497651063463","0.14258360242039103","4.286436811989203","5698","23.647078353253654","1.809055809055809","-0.6745897919880699","-0.8640350291650593","-0.46891063551990425","","","33","72.23744521782042"
"22","Valley Brook","OK","all","72","2.3752610028333097","0.2574244209123929","3.469254120628646","1.5975874391239622","4.423930456126194","6180","25.647410358565736","2.350323624595469","0.7626435963288609","2.305866040412583","-0.33283267482869044","","","33","72.20787974195804"
"23","Helena","MT","all","72","2.756167184260481","-0.028676141600103188","3.8633119807246032","2.240107695588283","4.795802743046243","6287","26.091467463479418","2.7709559408302846","1.6579267474245027","0.08117637332992733","0.035210682806369686","tail_pct","tail_pct","33","72.18212026946131"
"24","Guttenberg","NJ","all","72","2.272814265316205","-0.03433350551554163","3.0359471878688336","0.3682070713448327","5.871308211948203","6157","25.551958831341302","2.3085918466785773","0.5218524449746578","0.03718527126751017","1.0996423650055034","","","33","72.06794258186748"
"25","Inwood","NY","all","72","2.1760971833770557","0.3166743636332955","2.9005105789863337","0.33681715287719866","6.498657296390344","6142","25.489707835325365","2.203191142950179","0.29452829507814954","2.7665877327744215","1.72053204022082","","bias","33","72.1899900188202"
"26","College Park","GA","all","72","1.8607252044538183","0.0419418368879162","2.6147844658529213","0.5035862291364794","4.625169552657144","6091","25.278054448871185","1.8826136923329502","-0.44672304928116624","0.6302947870544727","-0.13366560758600496","","","33","72.20357832591696"
"27","Paulsboro","NJ","all","72","1.9871689395848289","0.024709944657081012","2.7012324453187966","0.42735505824857684","5.009040426117561","5909","24.52274236387782","2.0333389744457606","-0.14952927521258227","0.49630129800445894","0.2462527948763172","","","33","72.2460409066614"
"28","Las Vegas","NV","all","72","1.3164401262563088","-0.04127413354452012","1.8222691034597993","0.05251665330716714","4.997444909106231","6321","26.23256972111554","1.3133997785160576","-1.7260125007603693","-0.01678436557463444","0.23477666943091116","","","33","72.1619714724178"
"29","La Cienega","NM","all","72","1.920621820220698","0.0047633713646399066","2.5355621711874647","0.1092189909735107","4.242954178292572","5075","21.061586985391767","1.9069950738916257","-0.30594184509377814","0.3411987176120753","-0.5119455565597832","","","33","72.22288151167271"
"30","Bangor","ME","all","72","2.3374339569964158","-0.1536066532249689","3.1353585154964962","0.5551639679632268","5.320622746838724","5452","22.626162018592296","2.3782098312545856","0.6737347824403451","-0.8902709243420198","0.5546269532405186","","","33","72.2856051047489"
"31","Coronado","CA","all","72","1.2126798599250255","-0.04617350080694329","1.681745506690526","0.03621948491389536","7.937340449110705","5976","24.800796812749006","1.2399598393574298","-1.9698909745922666","-0.05488136065998942","3.144401999678259","","flagged_pct","33","72.22882447345192"
"32","Bismarck","ND","all","72","3.1701981632296494","-0.08608190654736589","4.078546901431749","1.7170625592852267","4.8149317096301845","6266","26.004316069057104","3.2376316629428663","2.6310665324337483","-0.3652051751284858","0.054142690749075545","","mad","33","72.12153847350257"
"33","Edmundson","MO","all","72","2.69005491865086","-0.23935577182227302","3.6000141726219237","1.3221346403180756","3.715323626522863","6078","25.22410358565737","2.6748930569266207","1.5025362592489508","-1.5570475864694688","-1.0341434365698985","","","33","72.1140824712822"
"34","Juneau","AK","all","72","2.3377213228147","0.09291309359746236","3.3339772964453913","1.2010537966159078","8.628733852854088","6372","26.44422310756972","2.4278091650973006","0.6744102080119301","1.026642236091704","3.828676571112392","flagged_pct","flagged_pct","33","72.15677050283773"
"35","Carolina","PR","all","72","0.9762743818144117","-0.058748829293286564","4.7624212683550775","0.06313131313131312","5.807329755302953","5987","24.84644754316069","0.9570736595957908","-2.5255391937577754","-0.1526658707569108","1.036322653297356","","mad;rms","33","72.23755614831319"
"36","Pierre","SD","all","72","3.243508196914313","-0.18011584892284066","4.191641547353974","1.9895746855809244","4.640304408225068","6055","25.128652058432937","3.2667217175887697","2.8033746785452656","-1.0964038072480138","-0.11868658587219201","tail_pct","mad;tail_pct","33","72.14666643037359"
"38","Gonzales","LA","all","72","1.7755867357027069","0.16713265802439642","2.5208306501769124","0.35025900282011135","3.4489259461528166","5979","24.813247011952193","1.7936109717344038","-0.6468327883706237","1.6037662257335066","-1.2977981917053971","","","33","72.25552977924997"
"39","Waimea","HI","all","72","0.9395444262725013","0.11803089695011014","2.1870203512417024","0.0177210703526493","3.946239531574573","5677","23.559926958831344","0.9457459926017263","-2.61186940298136","1.2219557897866886","-0.8056051237785452","","mad","33","72.27517128304325"
"40","Roanoke","VA","all","72","2.2204961408505666","0.05972914710855057","2.9654578500589848","0.38213141071962686","4.421529857025675","6476","26.87583001328021","2.2442865966646077","0.3988837518557557","0.7686071514396724","-0.33520855650733977","","","33","72.13561698651047"
"41","Portland","OR","all","72","1.5883152541270575","-0.12969099875308063","2.1473142821923195","0.04630514921605777","6.715996100005902","6511","27.0210823373174","1.5796344647519582","-1.0869962992572362","-0.7043051614022665","1.9356330462397342","","","33","72.08447727107321"
"42","Eugene","OR","all","72","1.7238737617777224","-0.03132174782890776","2.328079777111095","0.16302398915472188","6.326951076263836","6581","27.311586985391767","1.7301321987539888","-0.7683791336533895","0.060604401053102566","1.5505937683867286","","","33","72.06361422813703"
"44","Vernon","CA","all","72","2.0119602267822057","-0.06896819102163648","2.6581157400497335","0.07280072028050315","9.392028544270792","6272","26.029216467463478","2.0397002551020407","-0.09125975162904809","-0.2321306164448785","4.584112108997521","flagged_pct","flagged_pct","33","72.06523421977425"
"45","Sacramento","CA","all","72","1.5420638684421673","-0.04149241114980204","2.1036532134389296","0.05340673818934688","4.5052707801638565","6325","26.24916998671979","1.51399209486166","-1.1957057094415535","-0.018481670636748812","-0.2523298596877995","","","33","72.12860852571538"
"48","Camden","NJ","all","72","2.030607878542367","-0.01680539778236618","2.73788288172053","0.32424534750387746","5.4910341179234035","6295","26.12466799468792","2.09340746624305","-0.047430249136283756","0.17348210275592726","0.7232837082588986","","","33","72.1106490616168"
"49","Boston","MA","all","72","2.090653654515538","0.0095760719719865","2.8249966832322304","0.35611423198742126","4.626615099451605","6197","25.7179614873838","2.1286106180409874","0.09370154169426669","0.3786218013624218","-0.13223494465530197","","","33","72.232967323462"
"51","Buffalo","NY","all","72","2.19202613238503","0.3490083685607288","2.932575599479102","0.37521586894177944","7.558873867163026","6748","28.004648074369186","2.2219917012448134","0.3319677496127763","3.0180137559382825","2.769832244221769","","bias","33","72.05629811426532"
"52","Charlotte","NC","all","72","2.07630364555186","-0.14008866212134985","2.7887548735071483","0.30278184185928225","4.161409755414299","6441","26.730577689243027","2.0846141903431143","0.05997323307213837","-0.7851563630009424","-0.5926503690670545","","","33","72.14221620847029"
"53","Wilmington","NC","all","72","1.9190528112662233","-0.09316308590484298","2.6277175583281203","0.32597627784012556","4.097670465797456","6385","26.498173970783533","1.936100234925607","-0.3096296489398492","-0.4202677251947767","-0.6557333762955553","","","33","72.1645600014624"
"54","Myrtle Beach","SC","all","72","1.7817391061244094","-0.07522199981736406","2.4493428425366557","0.15884751653149212","4.20606058843136","6326","26.25332005312085","1.7933923490357255","-0.6323722365433685","-0.28075961488369877","-0.5484592769023007","","","33","72.18029613147257"
"56","Miami","FL","all","72","1.0720883391339693","-0.12536094095006842","1.5315980855447435","0.04887585532746823","5.9714760623986285","6470","26.850929614873838","1.0938176197836167","-2.3003377509599825","-0.6706350603453657","1.1987788516531013","","mad;rms","33","72.15169989802975"
"57","Tampa","FL","all","72","1.2967781142035069","-0.03424790279101399","1.8137473435339115","0.035969244180387876","4.293841634797754","6210","25.77191235059761","1.3318840579710145","-1.7722261590464026","0.03785090958383628","-0.46158205539976793","","","33","72.17785751673806"
"58","Goulding","FL","all","72","1.4614903174870342","0.08866906894361094","2.025816629471356","0.08113828864154689","3.781895220983649","5906","24.510292164674635","1.5062648154419234","-1.3850860506158515","0.9936411202904906","-0.9682572869151518","","","33","72.22393415060391"
"60","Pocatello","ID","all","72","2.0484189539790876","-0.09833439119498266","2.763373591084227","0.3944845217412041","5.7876103858885575","5937","24.63894422310757","2.0695637527370727","-0.005567038406430847","-0.4604792834778931","1.0168063215216554","","","33","72.20552129095613"
"61","Hartrandt","WY","all","72","3.3621832633764894","-0.4271284103187109","4.4984923855081185","3.1205787260766216","5.554955031039552","6373","26.448373173970786","3.3411266279617133","3.0823089480303523","-3.017149045045338","0.7865464689265795","tail_pct","mad;bias;rms;tail_pct","33","72.14779609957166"
"62","Yankee Hill","NE","all","72","2.7045535255283317","-0.11539468860849625","3.553355662572491","0.822041790736824","4.439510755411944","5931","24.614043824701195","2.736638003709324","1.5366138329000927","-0.5931384682061401","-0.31741279584394816","","","33","72.1782259116577"
"63","Little Rock","AR","all","72","2.0960913836830994","-0.13179092121033545","2.8836566489268756","0.48815925166193996","3.9123528835087744","5967","24.763446215139442","2.0961957432545666","0.1064823983495689","-0.7206339506619017","-0.839142862867491","","","33","72.18009504089252"
"64","St. Paul","MN","all","72","2.424650081733696","-0.16658665035377448","3.2453113057496643","0.6607741512045259","6.365355716854861","6557","27.21198539176627","2.4509684306847643","0.8787278510447519","-0.9912020977644945","1.5886029811434923","","","33","72.1028263369346"
"65","Shorewood Hills","WI","all","72","2.4170584714700936","-0.036785734176858674","3.2199573895975053","0.4554333880552784","5.433644690771602","6519","27.0542828685259","2.468169964718515","0.8608845051236579","0.018116983822539904","0.6664851830538117","","","33","72.1189286636005"
"66","Windsor Heights","IA","all","72","2.6145681736913176","0.009479335116911273","3.4267586218048676","0.6965027428952115","5.47992103590436","6101","25.319555112881808","2.649401737420095","1.3251119637436444","0.3778695851485773","0.71228505048357","","","33","72.20294707344219"
"67","Jackson","MS","all","72","1.9900296063968808","-0.09351620930757883","2.714831061411398","0.36819299723545124","3.4870642576691186","6109","25.35275564409031","2.0021280078572596","-0.14280555445769028","-0.4230135778361436","-1.2600525658045096","","","33","72.16816589598096"
"68","Topeka","KS","all","72","2.636426030818215","-0.0397381145221539","3.5559130867256066","1.1316543423562946","4.26067550434338","6136","25.46480743691899","2.6346153846153846","1.376486743568551","-0.004840433631644015","-0.4944066955827956","","","33","72.20151089240784"
"69","Speedway","IN","all","72","2.478824209262037","0.1373432641242203","3.296507699758947","0.6661428444612235","4.260063752921275","6390","26.518924302788843","2.463849765258216","1.006058899912762","1.3721268461517826","-0.49501214819475103","","","33","72.12142184974523"
"70","Cheviot","OH","all","72","2.273914780306129","0.12068851880522896","3.0773223756634196","0.6013935984834085","4.028739250408532","6220","25.813413014608233","2.272508038585209","0.5244390990539265","1.2426211943848973","-0.7239548513824023","","","33","72.20878099899664"
"71","South Charleston","WV","all","72","2.2752246442887407","-0.1263550224398411","3.10670678298424","0.5240241394032467","3.4508355637077988","6190","25.68891102257636","2.284168012924071","0.527517807699361","-0.6783649396546342","-1.2959082362517238","","","33","72.19349531250835"
"72","Annapolis","MD","all","72","2.0140109517054627","-0.1212995921851641","2.7444037225421583","0.45697821343359757","5.255112384011462","6526","27.083333333333332","2.0551639595464297","-0.08643972097361224","-0.6390544141825086","0.489791108401077","","","33","72.13582836848055"
"73","West Fairview","PA","all","72","2.177800814851394","0.048903647429620035","2.9438028777332597","0.3900841978400522","5.269660598612821","6374","26.452523240371846","2.1992469406965798","0.29853251614102777","0.6844291370197553","0.5041895294122951","","","33","72.16657296702894"
"74","Montpelier","VT","all","72","2.4255819516335992","0.262929690439104","3.278120742806901","0.9583814711212232","5.724444641713661","5619","23.31922310756972","2.4977754048763123","0.8809181211455696","2.3486744715565946","0.9542909543073077","","","33","72.31885167457384"
"75","Concord","NH","all","72","2.3816154874648734","-0.19400040242292294","3.168695655660875","0.6410562927074331","5.166854053871322","5674","23.547476759628154","2.4161085653859713","0.7775791980647517","-1.2043687215160177","0.4024415174082307","","","33","72.29383920465548"
"76","Dover","DE","all","72","2.0439740542857034","0.05644468292874385","2.7697034125481386","0.4315360554449289","4.724648750628835","5519","22.904216467463478","2.111252038412756","-0.016014345375529898","0.7430674829449627","-0.03521068280637056","","","33","72.30049872651848"
"77","Cranston","RI","all","72","2.0101776640816422","-0.10075734271896149","2.7208464238334384","0.2834403201113775","4.259973555695136","5277","21.899900398406373","2.0384688269850293","-0.09544949290761308","-0.4793199147996243","-0.4951014167181807","","","33","72.32601242946359"
"78","Cranston","RI","all","72","2.0145369468659555","-0.1372276985572793","2.727080485291509","0.24766638236070124","4.238659676673532","6238","25.888114209827357","2.0466495671689646","-0.08520342020531643","-0.7629097933927133","-0.5161958404632476","","","33","72.2087810095723"
"1","Salt Lake City","UT","all","96","2.3374208812765707","-0.1886987432657521","3.2828636581450397","1.071433363789336","5.922905724204425","6017","24.970949535192563","2.354994183147748","-0.24922930294514103","-1.0619781200264555","1.1507086109300864","","","33","96.20551078328715"
"2","Jacksboro","TN","all","96","2.389269583673479","0.24567632284317983","3.2157625143279347","0.6052347792881838","4.332022941019361","5819","24.149236387782206","2.3823681044853067","-0.13532453132289804","2.3114025984615347","-0.42379387748234804","","","33","96.24201488681707"
"3","Oak Ridge","TN","all","96","2.287981190487985","0.09522655675380487","3.1092148352992117","0.4874305940447916","4.324080307641354","6350","26.352921646746346","2.288976377952756","-0.35784179328750176","1.1430014179489094","-0.43165473068309956","","","33","96.16780600333901"
"4","SeaTac","WA","all","96","1.702895476581641","0.03451302739918584","4.111063517791835","0.10561531917472547","7.211083719515912","6497","26.962981407702525","1.6592273356933969","-1.6431980614496353","0.6714968007274765","2.425623067591307","","","33","96.13661711125253"
"5","Vancouver","WA","all","96","2.0538566846783772","-0.06525416093185404","2.7559859800056605","0.37481041221179073","7.183856309196975","6568","27.257636122177953","2.037911084043849","-0.8721825025547809","-0.10330068585129905","2.398676000369696","","","33","96.08587920327678"
"7","St. George","UT","all","96","1.822091105485768","-0.16934335593679448","2.4757896117333926","0.14730245682411558","4.989204617050138","5732","23.788180610889775","1.7997208653175156","-1.3813409606728222","-0.9116631146113006","0.22662122235165633","","","33","96.29676466142595"
"8","Commerce City","CO","all","96","3.22531844149895","0.4365669335268597","4.390585485782312","2.8377471031800923","4.0706104051411245","6053","25.120351925630814","3.2798612258384274","1.7013647166866308","3.793869608341046","-0.6825148169461883","bias","bias","33","96.26231010620832"
"9","North Kansas City","MO","all","96","2.9140758874157724","-0.10635011311981418","3.9095633157809906","1.8224257052421875","4.041464509938706","6556","27.207835325365203","2.9133618059792554","1.0176058104255181","-0.42245411691864093","-0.7113606156488058","","","33","96.12108665582582"
"10","Bedford Park","IL","all","96","2.883482256511453","-0.10953701862693573","3.8311104278377357","1.292786900405652","5.385588087615034","6490","26.933930942895085","2.8987673343605547","0.950395631960965","-0.4472038008396581","0.618923387769826","","","33","96.13176890766606"
"11","Rosemont","IL","all","96","2.9098905275610436","-0.10173497323285305","3.8583853632600573","1.498037837886748","5.706485605192795","6657","27.62699203187251","2.9321015472435032","1.0084111259614725","-0.3866126860389613","0.9365168304117804","","","33","96.10652575958817"
"12","Romulus","MI","all","96","2.412934916173676","-0.10369504829511406","3.251768195772976","0.6944537519834479","5.157315846377444","6267","26.008466135458168","2.463379607467688","-0.08333491211961945","-0.40183473706746636","0.3930015186900107","","","33","96.18378227523644"
"13","Lynnview","KY","all","96","2.724615865390386","-0.3825871583266262","3.663919810520673","1.3055222998748703","4.404884732571874","6575","27.286686586985393","2.700836501901141","0.6013870905210914","-2.5677262440233455","-0.35168229684160485","","bias","33","96.1076419376544"
"14","View Park-Windsor Hills","CA","all","96","2.194947129063127","0.0018813965398786533","2.909638945833713","0.25581998154559643","9.007225075335645","6337","26.29897078353254","2.2436484140760613","-0.5622253753213717","0.41807775589215657","4.203270713395062","flagged_pct","flagged_pct","33","96.14638102080518"
"15","Guadalupe","AZ","all","96","1.6475178618219544","-0.09158443261940173","2.2771461178711587","0.1962006782684844","5.033118740364583","6556","27.207835325365203","1.6060097620500304","-1.764855388838465","-0.30778302784891487","0.27008319023882826","","","33","96.12042236385572"
"16","Montgomery","AL","all","96","2.2987862563524937","0.06220118034551878","3.144848702285633","0.7412629853360876","3.515056693172839","5831","24.199037184594953","2.3047504716172185","-0.33410448641647156","0.8865245234657855","-1.232348350369421","","","33","96.22718583268764"
"18","Highland Park","TX","all","96","2.6879821091473897","0.1580947129764251","3.801442901518889","1.9338240895508205","4.069751801567838","6307","26.174468791500665","2.752655779292849","0.5209075520635921","1.6312389862514445","-0.6833645800318086","","","33","96.15955641115879"
"20","Norfolk","VA","all","96","2.6194725206110814","0.10569260096872227","3.5046744113577963","1.2460218255785527","4.016012850792077","6135","25.460657370517932","2.6795436022819885","0.3704010075328392","1.2242812945074573","-0.7365502154635466","","","33","96.20001766454462"
"21","Myrtle Beach","SC","all","96","2.052403558364786","-0.11074923523079683","2.7719986579244837","0.3634574163472416","4.286436811989203","5698","23.647078353253654","2.0854685854685853","-0.8753748297150796","-0.4566179418370388","-0.46891063551990425","","","33","96.2173420996504"
"22","Valley Brook","OK","all","96","2.7472307721674394","0.20093440620873565","3.930849272409037","1.8794799065833983","4.423930456126194","6180","25.647410358565736","2.746925566343042","0.651069062732843","1.9639344064337247","-0.33283267482869044","","","33","96.21589620647676"
"23","Helena","MT","all","96","3.2211117943110397","-0.0048683640761802375","4.523190917354214","3.740385921585416","4.795802743046243","6287","26.091467463479418","3.2322252266581835","1.6921232667547452","0.365658742709405","0.035210682806369686","tail_pct","tail_pct","33","96.19318569779448"
"24","Guttenberg","NJ","all","96","2.6660926511215224","-0.050974639151403205","3.5562353801193423","1.0575842284505907","5.871308211948203","6157","25.551958831341302","2.7253532564560663","0.47281929522961275","0.007594867788333894","1.0996423650055034","","","33","96.07730650675525"
"25","Inwood","NY","all","96","2.486200489159966","0.33695662906429324","3.293761746132664","0.5965801120936303","6.498657296390344","6142","25.489707835325365","2.51221100618691","0.07761990396992986","3.020290490536728","1.72053204022082","","bias","33","96.14901376267625"
"26","College Park","GA","all","96","2.2059624567410254","0.049791716341723226","3.0325171415570074","0.6885206556143526","4.625169552657144","6091","25.278054448871185","2.229683139057626","-0.5380261509340315","0.7901519416503352","-0.13366560758600496","","","33","96.20989137205031"
"27","Paulsboro","NJ","all","96","2.3921732554616693","0.02720916154441295","3.2423734095781045","0.7564934770747449","5.009040426117561","5909","24.52274236387782","2.4664071754950077","-0.1289455467657168","0.6147745757028598","0.2462527948763172","","","33","96.23225232375141"
"28","Las Vegas","NV","all","96","1.5740406137682577","-0.05293055309824334","2.199566102763192","0.3287396414317802","4.997444909106231","6321","26.23256972111554","1.5676317038443284","-1.9262752271772983","-0.007594867788333894","0.23477666943091116","","","33","96.16479179768365"
"29","La Cienega","NM","all","96","2.219021811782678","0.03341961472291165","2.9384061909704795","0.3715613522837003","4.242954178292572","5075","21.061586985391767","2.2065024630541874","-0.5093364675902505","0.6630052975835813","-0.5119455565597832","","","33","96.24703315793387"
"30","Bangor","ME","all","96","2.7486956747921134","-0.16304387526930197","3.669389793314141","1.340703164832771","5.320622746838724","5452","22.626162018592296","2.8163976522377108","0.6542872608978615","-0.8627410003413304","0.5546269532405186","","","33","96.27192877329024"
"31","Coronado","CA","all","96","1.3094154901894266","0.03067878048068607","1.7837664668618345","0.014854426619132501","7.937340449110705","5976","24.800796812749006","1.321285140562249","-2.5076217772994847","0.6417198277058589","3.144401999678259","","rms;flagged_pct","33","96.228773656732"
"32","Bismarck","ND","all","96","3.6626436407610323","-0.10180157842165183","4.738414996893551","3.1455145526323034","4.8149317096301845","6266","26.004316069057104","3.7527928503032237","2.6621105915837764","-0.3871299456083417","0.054142690749075545","","mad;tail_pct","33","96.13193103818112"
"33","Edmundson","MO","all","96","3.044915258599044","-0.28043959692895293","4.06620311411786","2.0609367582313447","3.715323626522863","6078","25.22410358565737","3.0391576176373807","1.3050426797176822","-1.7744426489353502","-1.0341434365698985","","","33","96.1176929591868"
"34","Juneau","AK","all","96","2.6467579265245065","0.053584390904677655","3.702076914343952","1.5727932801056936","8.628733852854088","6372","26.44422310756972","2.7333647206528564","0.43034345132626783","0.8196060614661393","3.828676571112392","flagged_pct","flagged_pct","33","96.16514032952226"
"35","Carolina","PR","all","96","1.1049988415895953","-0.11008883137522281","5.462441406329723","0.08417508417508417","5.807329755302953","5987","24.84644754316069","1.0901954234174043","-2.95669823626862","-0.4514892090744409","1.036322653297356","","mad;rms","33","96.2467950009663"
"36","Pierre","SD","all","96","3.7379440705068676","-0.19163198739135456","4.823671264792259","3.5900111049969756","4.640304408225068","6055","25.128652058432937","3.7986787778695295","2.827535720019924","-1.0847578556695787","-0.11868658587219201","tail_pct","mad;tail_pct","33","96.15545663424723"
"38","Gonzales","LA","all","96","2.0992319245190676","0.1930234456011298","2.939400866627329","0.7464272891328576","3.4489259461528166","5979","24.813247011952193","2.139822712828232","-0.772499075729686","1.9024974500783085","-1.2977981917053971","","","33","96.25884005850665"
"39","Waimea","HI","all","96","1.0412226204854724","0.10379762890428539","2.265162405238534","0.0177210703526493","3.946239531574573","5677","23.559926958831344","1.0512594680288885","-3.0968061958504194","1.20956483695038","-0.8056051237785452","","mad","33","96.28285861160306"
"40","Roanoke","VA","all","96","2.5810581023463683","0.11793585190573862","3.4638807878063287","0.9408351214958159","4.421529857025675","6476","26.87583001328021","2.6158122297714637","0.2860095890948655","1.319363056479917","-0.33520855650733977","","","33","96.13906611804158"
"41","Portland","OR","all","96","1.9725052237141025","-0.13367874128853452","2.6384973333602963","0.2015098200004495","6.715996100005902","6511","27.0210823373174","1.9629857164798035","-1.0509009497656039","-0.6346897504067972","1.9356330462397342","","","33","96.08654525068116"
"42","Eugene","OR","all","96","2.11098433289618","-0.03223596004249156","2.8322504819235945","0.31857926612126863","6.326951076263836","6581","27.311586985391767","2.1256647925847134","-0.746680582106475","0.15312048315614574","1.5505937683867286","","","33","96.06798786405994"
"44","Vernon","CA","all","96","2.1894498600202317","-0.15266430080130117","2.881748769782671","0.14349494684804542","9.392028544270792","6272","26.029216467463478","2.232780612244898","-0.5743021515169191","-0.782132652606004","4.584112108997521","flagged_pct","flagged_pct","33","96.08587703353136"
"45","Sacramento","CA","all","96","1.862432591482722","-0.01096803709876571","2.506413057109241","0.14553565897243476","4.5052707801638565","6325","26.24916998671979","1.8433201581027667","-1.2927160281873575","0.31828834562885283","-0.2523298596877995","","","33","96.12484215836872"
"48","Camden","NJ","all","96","2.4619234574317788","0.006125770566613228","3.3225044160657666","0.7806750687307552","5.4910341179234035","6295","26.12466799468792","2.5382049245432885","0.0242864621125689","0.451039798654176","0.7232837082588986","","","33","96.09653281454196"
"49","Boston","MA","all","96","2.577020532695853","0.008494261040961095","3.4329743521537543","0.823986192332664","4.626615099451605","6197","25.7179614873838","2.6185250927868324","0.2771395802481583","0.4694336262964005","-0.13223494465530197","","","33","96.24323154424616"
"51","Buffalo","NY","all","96","2.4703506173106833","0.4268703832293786","3.383964018340507","1.0191059559358384","7.558873867163026","6748","28.004648074369186","2.514078245406046","0.04279982266077784","3.7185656639816593","2.769832244221769","bias","bias","33","96.06084523090605"
"52","Charlotte","NC","all","96","2.367311147841548","-0.11352833068626289","3.161703138319859","0.5971639424990841","4.161409755414299","6441","26.730577689243027","2.3730787144853283","-0.1835643233136603","-0.4782005504068313","-0.5926503690670545","","","33","96.1517593281937"
"53","Wilmington","NC","all","96","2.23314324865688","-0.0646772589191604","3.035736209727893","0.6138358093905837","4.097670465797456","6385","26.498173970783533","2.2501174628034457","-0.4783135303174787","-0.0988204330055024","-0.6557333762955553","","","33","96.16672058923746"
"54","Myrtle Beach","SC","all","96","2.0791112057071692","-0.03900841938991963","2.819204288874254","0.33476132634310113","4.20606058843136","6326","26.25332005312085","2.079671198229529","-0.8167016454217929","0.10052519037378262","-0.5484592769023007","","","33","96.18642719610789"
"56","Miami","FL","all","96","1.2070651037676765","-0.08497585124864628","1.7316044240051025","0.07331378299120235","5.9714760623986285","6470","26.850929614873838","1.227820710973725","-2.73247209855869","-0.25646042047099804","1.1987788516531013","","mad;rms","33","96.15064477933763"
"57","Tampa","FL","all","96","1.515074613857699","0.012133087911785634","2.1430761731263144","0.19867630862689714","4.293841634797754","6210","25.77191235059761","1.5363929146537842","-2.055815764216657","0.4976929564506713","-0.46158205539976793","","","33","96.18558975968682"
"58","Goulding","FL","all","96","1.7439854609108916","0.14382149936370756","2.441335880412203","0.2954804169328866","3.781895220983649","5906","24.510292164674635","1.8125634947511007","-1.5529287766919149","1.5203924221903136","-0.9682572869151518","","","33","96.23217889238806"
"60","Pocatello","ID","all","96","2.440927710754395","-0.12975723048723178","3.298317011320715","0.8491177118150647","5.7876103858885575","5937","24.63894422310757","2.4862725282129023","-0.021838428574540124","-0.6042350812588688","1.0168063215216554","","","33","96.22287917486464"
"61","Hartrandt","WY","all","96","3.792428180893312","-0.430360326439694","5.075218653086607","4.459022486374296","5.554955031039552","6373","26.448373173970786","3.7720069041267847","2.9472301359592334","-2.9387353022027884","0.7865464689265795","tail_pct","mad;bias;rms;tail_pct","33","96.15342091180652"
"62","Yankee Hill","NE","all","96","3.162398101760462","-0.1391916365806309","4.118286081027766","1.8282172303607087","4.439510755411944","5931","24.614043824701195","3.2018209408194234","1.5631370157609124","-0.6775031992725233","-0.31741279584394816","","","33","96.20374340446678"
"63","Little Rock","AR","all","96","2.4608091286765985","-0.17456468370792658","3.338445555819516","0.8548718064322075","3.9123528835087744","5967","24.763446215139442","2.4960616725322606","0.021838428574540124","-0.9522122340297385","-0.839142862867491","","","33","96.17810997690772"
"64","St. Paul","MN","all","96","2.9420451302292165","-0.19772368797058268","3.9447087903385993","2.102319561642541","6.365355716854861","6557","27.21198539176627","3.0030501753850847","1.0790505538392392","-1.1320663383153502","1.5886029811434923","","","33","96.09993583923826"
"65","Shorewood Hills","WI","all","96","2.904273698102449","-0.0697397720357189","3.8378284205987767","1.3567434839414598","5.433644690771602","6519","27.0542828685259","2.949685534591195","0.996071691276595","-0.138136189058149","0.6664851830538117","","","33","96.1138313598176"
"66","Windsor Heights","IA","all","96","3.024990362001096","-0.026859513528063747","3.9655451029068214","1.4181744925421693","5.47992103590436","6101","25.319555112881808","3.05818718242911","1.2612703056433523","0.19487426328956717","0.71228505048357","","","33","96.19534127403935"
"67","Jackson","MS","all","96","2.3879029515298016","-0.07283119556804234","3.2748968874541555","0.9743193488617884","3.4870642576691186","6109","25.35275564409031","2.4265837289245376","-0.13832684218162594","-0.16214435469720673","-1.2600525658045096","","","33","96.15942439127012"
"68","Topeka","KS","all","96","3.1246563313483735","-0.09781977459753785","4.162924406073358","2.3158452390401534","4.26067550434338","6136","25.46480743691899","3.128748370273794","1.4802233160795024","-0.356207037520198","-0.4944066955827956","","","33","96.21005798957418"
"69","Speedway","IN","all","96","2.851866756976315","0.1336683235478568","3.793855754104161","1.506768755008937","4.260063752921275","6390","26.518924302788843","2.848826291079812","0.8809405426762674","1.441542298873106","-0.49501214819475103","","","33","96.12455924393605"
"70","Cheviot","OH","all","96","2.676144007282845","0.1754903978596333","3.5698057585863876","1.0585854960640932","4.028739250408532","6220","25.813413014608233","2.681832797427653","0.49490080113278706","1.7663348343984726","-0.7239548513824023","","","33","96.20223659515345"
"71","South Charleston","WV","all","96","2.698024849568117","-0.17205838035581209","3.6734722680117136","1.5666312415138404","3.4508355637077988","6190","25.68891102257636","2.690145395799677","0.5429701303192173","-0.9327481439786199","-1.2959082362517238","","","33","96.18194979616261"
"72","Annapolis","MD","all","96","2.3604545442674105","-0.13004369807798205","3.1956954193450904","0.7930146260825484","5.255112384011462","6526","27.083333333333332","2.407447134538768","-0.19862737847437992","-0.6064598043668621","0.489791108401077","","","33","96.13748634806598"
"73","West Fairview","PA","all","96","2.582607791653259","0.05992664228166104","3.4642185368163934","0.9189345076291623","5.269660598612821","6374","26.452523240371846","2.613900219642297","0.28941405243582885","0.8688603354247516","0.5041895294122951","","","33","96.16855076033579"
"74","Montpelier","VT","all","96","2.889865480347318","0.2982693468782373","3.87536315238263","1.4909683767950073","5.724444641713661","5619","23.31922310756972","2.973482826125645","0.9644187341723178","2.719842923538449","0.9542909543073077","","","33","96.30383975423024"
"75","Concord","NH","all","96","2.7670970864170585","-0.21574890845209552","3.701571863447191","1.3826466821717767","5.166854053871322","5674","23.547476759628154","2.8311596757137822","0.6947127391021385","-1.2720511946366875","0.4024415174082307","","","33","96.28607540816235"
"76","Dover","DE","all","96","2.5151743249985206","0.07261093117493184","3.4052409008538675","0.9830951964381296","4.724648750628835","5519","22.904216467463478","2.619315093314006","0.1412716059729428","0.9673672224880173","-0.03521068280637056","","","33","96.30241375273391"
"77","Cranston","RI","all","96","2.4195084469006387","-0.11839918808456297","3.245404473757106","0.6185604345542024","4.259973555695136","5277","21.899900398406373","2.468637483418609","-0.06889373072852761","-0.5160278975819785","-0.4951014167181807","","","33","96.31308790579577"
"78","Cranston","RI","all","96","2.420653972948791","-0.15469641325597933","3.2429359437415615","0.5947383605782748","4.238659676673532","6238","25.888114209827357","2.4616864379608847","-0.0663771608459629","-0.797914149996767","-0.5161958404632476","","","33","96.2053426702972"
"1","Salt Lake City","UT","all","120","2.7771205515891193","-0.19430380801293687","3.8748415713917654","2.0929879871876933","5.922905724204425","6017","24.970949535192563","2.8333056340368956","-0.21012018822795706","-1.0958901202004994","1.1507086109300864","","","33","120.20155310485545"
"2","Jacksboro","TN","all","120","2.675179335729461","0.23751667754885764","3.634054972544986","1.3956846630113569","4.332022941019361","5819","24.149236387782206","2.6874033339061696","-0.36594157426333956","1.9153764771315347","-0.42379387748234804","","","33","120.24554446145726"
"3","Oak Ridge","TN","all","120","2.626607400926925","0.12686861013243486","3.5531495328360996","1.1864281870958837","4.324080307641354","6350","26.352921646746346","2.634488188976378","-0.44018579569553234","1.1437807779674742","-0.43165473068309956","","","33","120.17376226899955"
"4","SeaTac","WA","all","120","2.0325577360279454","0.033464384432359225","4.361334691584665","0.272252856600553","7.211083719515912","6497","26.962981407702525","1.995844235801139","-1.3482154025411877","0.49243366891502427","2.425623067591307","","","33","120.13765718741614"
"5","Vancouver","WA","all","120","2.397661969965314","-0.05200503802638702","3.2082551326827256","0.6049057686313402","7.183856309196975","6568","27.257636122177953","2.3958587088915957","-0.7901384039518352","-0.10358070638364948","2.398676000369696","","","33","120.09331600756354"
"7","St. George","UT","all","120","2.1622477239839144","-0.2538336305049612","2.9263359683829306","0.554791826432614","4.989204617050138","5732","23.788180610889775","2.136427076064201","-1.149978864868025","-1.5110167110154817","0.22662122235165633","","","33","120.29666919070617"
"8","Commerce City","CO","all","120","3.8061340382919187","0.41893277237261195","5.175177439349552","4.830158941685285","4.0706104051411245","6053","25.120351925630814","3.8313233107549975","1.3627697012537816","3.180467515715476","-0.6825148169461883","","bias","33","120.24638905115118"
"9","North Kansas City","MO","all","120","3.4688190269960004","-0.11131986851976523","4.638616095944951","3.6096997643170075","4.041464509938706","6556","27.207835325365203","3.49679682733374","0.8471696846419441","-0.5172080672040787","-0.7113606156488058","","","33","120.11715790853339"
"10","Bedford Park","IL","all","120","3.395100664358994","-0.10548994551051762","4.555002379659242","3.3148178157634542","5.385588087615034","6490","26.933930942895085","3.422033898305085","0.7344881029530297","-0.4765535521689125","0.618923387769826","","","33","120.1265201440198"
"11","Rosemont","IL","all","120","3.4094689823810715","-0.11080732508281903","4.583482861661736","3.4571142198609888","5.706485605192795","6657","27.62699203187251","3.4396875469430674","0.756450674326316","-0.5136338853786152","0.9365168304117804","","","33","120.10622716475788"
"12","Romulus","MI","all","120","2.9344047756405045","-0.1290208721235849","3.9530024714509424","1.9675902577896642","5.157315846377444","6267","26.008466135458168","2.9690441997766075","0.030295286381712437","-0.6406446402098503","0.3930015186900107","","","33","120.17344985610444"
"13","Lynnview","KY","all","120","3.1145873677188414","-0.39815737311952787","4.224284531531812","2.403961838149363","4.404884732571874","6575","27.286686586985393","3.102661596958175","0.30571186838272413","-2.5174471140839776","-0.35168229684160485","","bias","33","120.11489645037649"
"14","View Park-Windsor Hills","CA","all","120","2.351152803953909","-0.036613208187718356","3.10409405294924","0.3790543017912665","9.007225075335645","6337","26.29897078353254","2.406817105886066","-0.8612295975395582","0.0037530228272330403","4.203270713395062","flagged_pct","flagged_pct","33","120.15510157964667"
"15","Guadalupe","AZ","all","120","1.9361438649082767","-0.08666364318838873","2.665504659290788","0.4821556912512549","5.033118740364583","6556","27.207835325365203","1.8976510067114094","-1.4955880123753302","-0.34526979600309116","0.27008319023882826","","","33","120.12809251722013"
"16","Montgomery","AL","all","120","2.704185256495542","0.08662087442102666","3.694047078964335","1.580600729302488","3.515056693172839","5831","24.199037184594953","2.7434402332361514","-0.3216048186254089","0.8631163208184918","-1.232348350369421","","","33","120.24091869316061"
"18","Highland Park","TX","all","120","3.1671354018502176","0.11073786524020021","4.373247908603611","3.347889839383972","4.069751801567838","6307","26.174468791500665","3.2333914697954653","0.38603372292150206","1.0312942820549975","-0.6833645800318086","","","33","120.15396804812642"
"20","Norfolk","VA","all","120","3.068867173593938","0.1259759976613171","4.138209309814992","2.460263237078466","4.016012850792077","6135","25.460657370517932","3.1489812550937244","0.23582665112028703","1.1375562142691078","-0.7365502154635466","","","33","120.19967314668679"
"21","Myrtle Beach","SC","all","120","2.4198782072125526","-0.06480453728883691","3.289586915828602","0.7829038585166169","4.286436811989203","5698","23.647078353253654","2.4775359775359775","-0.7561799618127755","-0.19283701978306508","-0.46891063551990425","","","33","120.23137313705494"
"22","Valley Brook","OK","all","120","3.25245036276994","0.1391120488539426","4.575507879625083","3.3091840371520886","4.423930456126194","6180","25.647410358565736","3.2487055016181228","0.5164411871444837","1.2291594463986226","-0.33283267482869044","","","33","120.21894684995645"
"23","Helena","MT","all","120","3.756204153792895","-0.008155728251559358","5.177155953043663","5.224795310998933","4.795802743046243","6287","26.091467463479418","3.75489104501352","1.286449797261904","0.2021990476018943","0.035210682806369686","","","33","120.18385676798331"
"24","Guttenberg","NJ","all","120","3.1777279862874654","-0.02207313882616176","4.246564735869667","2.4504247734208477","5.871308211948203","6157","25.551958831341302","3.2408640571707","0.4022249285569252","0.10514706654515364","1.0996423650055034","","","33","120.09041176148318"
"25","Inwood","NY","all","120","2.8333959239794884","0.35860100634452324","3.7672094059383046","1.1722180839885095","6.498657296390344","6142","25.489707835325365","2.880983393031586","-0.12410094221860297","2.7597486339744264","1.72053204022082","","bias","33","120.17325993068076"
"26","College Park","GA","all","120","2.603523989522233","0.03391481502102011","3.5422035080488623","1.2499197602076926","4.625169552657144","6091","25.278054448871185","2.6504679034641274","-0.47546974958181765","0.49557471162004213","-0.13366560758600496","","","33","120.20120101811091"
"27","Paulsboro","NJ","all","120","2.8947653088491228","0.04208042609962674","3.908946998718864","1.8725349871009704","5.009040426117561","5909","24.52274236387782","2.989676764257912","-0.030295286381712437","0.5525169658899449","0.2462527948763172","","","33","120.24043359506848"
"28","Las Vegas","NV","all","120","1.8960400466440472","-0.11120145586512932","2.6145699675255045","0.5326383870280923","4.997444909106231","6321","26.23256972111554","1.8853029583926595","-1.5568883656676267","-0.5163823257593609","0.23477666943091116","","","33","120.1574390342554"
"29","La Cienega","NM","all","120","2.5843385538234465","0.03929293093568538","3.42497767354852","1.0659100268667048","4.242954178292572","5075","21.061586985391767","2.575566502463054","-0.5047954855666941","0.533078584993122","-0.5119455565597832","","","33","120.24191445101893"
"30","Bangor","ME","all","120","3.327021370350681","-0.20958831622061821","4.454766403486025","3.2795416201537604","5.320622746838724","5452","22.626162018592296","3.402971386647102","0.6304260720734898","-1.2024754503581436","0.5546269532405186","","","33","120.25437330082197"
"31","Coronado","CA","all","120","1.4363407691083512","0.027494780573426175","1.9390433156624405","0.039358224707836245","7.937340449110705","5976","24.800796812749006","1.4646921017402945","-2.2595578206179194","0.4508051003298104","3.144401999678259","","mad;rms;flagged_pct","33","120.23882142475763"
"32","Bismarck","ND","all","120","4.192783168439402","-0.07009251107059007","5.403500764436624","5.799430233736549","4.8149317096301845","6266","26.004316069057104","4.3163102457708264","1.9537789692999783","-0.22971229399763723","0.054142690749075545","","tail_pct","33","120.13544056919214"
"33","Edmundson","MO","all","120","3.5443470799639085","-0.2977283160357302","4.760517179887997","3.9162840865785618","3.715323626522863","6078","25.22410358565737","3.5465613688713393","0.9626174532286498","-1.817112889308726","-1.0341434365698985","","","33","120.10905224824155"
"34","Juneau","AK","all","120","2.9888524032264288","-0.00627631739782416","4.154282549516259","2.629171719191915","8.628733852854088","6372","26.44422310756972","3.0783113622096674","0.11352074847995794","0.21530497313285482","3.828676571112392","flagged_pct","flagged_pct","33","120.1736701577626"
"35","Carolina","PR","all","120","1.2008280262329836","-0.10302306543685771","5.4670491969574755","0.08417508417508417","5.807329755302953","5987","24.84644754316069","1.1959245030900283","-2.6195488381309557","-0.45935095568771106","1.036322653297356","","mad","33","120.22795817515099"
"36","Pierre","SD","all","120","4.2235140314412485","-0.16451651076034926","5.452233407335324","5.920842549226041","4.640304408225068","6055","25.128652058432937","4.3388934764657305","2.0007523708493915","-0.8881707177158725","-0.11868658587219201","","mad;tail_pct","33","120.15909249362613"
"38","Gonzales","LA","all","120","2.4498448621168487","0.1922499501228958","3.4540441389038787","1.4630244228544314","3.4489259461528166","5979","24.813247011952193","2.534537548084964","-0.7103746841078302","1.5997124713097766","-1.2977981917053971","","","33","120.26401399948122"
"39","Waimea","HI","all","120","1.1476049936774437","0.1093878352385607","2.7919617284663376","0.06004911268069162","3.946239531574573","5677","23.559926958831344","1.1733309846750044","-2.700902455820074","1.0218799527555336","-0.8056051237785452","","mad","33","120.27528130631696"
"40","Roanoke","VA","all","120","2.9813182384603882","0.12199830210223894","4.032144119732412","2.1268129315161484","4.421529857025675","6476","26.87583001328021","3.0154416306361953","0.10200446444740731","1.1098180634126822","-0.33520855650733977","","","33","120.13795480069128"
"41","Portland","OR","all","120","2.3247504590591315","-0.171531883913556","3.1073159519162847","0.46954438034976126","6.715996100005902","6511","27.0210823373174","2.3134695131316234","-0.9015866792301694","-0.9370918772032177","1.9356330462397342","","","33","120.09151268386832"
"42","Eugene","OR","all","120","2.4773576335270304","-0.03768958723766109","3.2647735659898807","0.4686338914181975","6.326951076263836","6581","27.311586985391767","2.484728764625437","-0.6683202693291097","-0.0037530228272330403","1.5505937683867286","","","33","120.06535418380982"
"44","Vernon","CA","all","120","2.3930017362172253","-0.1520798468598416","3.1380268328918928","0.3011633265240592","9.392028544270792","6272","26.029216467463478","2.44515306122449","-0.7972617649570223","-0.8014446085153756","4.584112108997521","flagged_pct","flagged_pct","33","120.0588050529854"
"45","Sacramento","CA","all","120","2.244584532775484","-0.026421286352768077","2.990532882726302","0.46380046817068715","4.5052707801638565","6325","26.24916998671979","2.224189723320158","-1.0241236299717158","0.07482559768267698","-0.2523298596877995","","","33","120.12095894270001"
"48","Camden","NJ","all","120","3.0139769013987716","-0.007850024243040559","4.064884421600896","2.028588728180743","5.4910341179234035","6295","26.12466799468792","3.110087370929309","0.15192458833652353","0.20433085074765187","0.7232837082588986","","","33","120.09461086896876"
"49","Boston","MA","all","120","3.2105789168175645","0.03510115842064052","4.280600623170888","2.4047904779395224","4.626615099451605","6197","25.7179614873838","3.2483459738583185","0.45243894145234936","0.503847585121156","-0.13223494465530197","","","33","120.2399814388401"
"51","Buffalo","NY","all","120","2.893686161771878","0.3708805704759306","3.9189706503079225","1.7622625673914187","7.558873867163026","6748","28.004648074369186","2.921754593953764","-0.03194480754834072","2.8453792201440398","2.769832244221769","","bias","33","120.06773242924527"
"52","Charlotte","NC","all","120","2.7676272898763914","-0.07060015929556562","3.7229106144611688","1.54815856800077","4.161409755414299","6441","26.730577689243027","2.792423536717901","-0.22463103338121054","-0.2332523394428527","-0.5926503690670545","","","33","120.1619202591495"
"53","Wilmington","NC","all","120","2.630881169542133","0.01849177713096214","3.590817311020034","1.2743054939939515","4.097670465797456","6385","26.498173970783533","2.651683633516053","-0.4336531627109207","0.38802335548811584","-0.6557333762955553","","","33","120.16614567261172"
"54","Myrtle Beach","SC","all","120","2.4692718466616417","0.0019319440358178271","3.366799084149083","0.9822878185892515","4.20606058843136","6326","26.25332005312085","2.4883022447043945","-0.6806797306708903","0.2725446463390436","-0.5484592769023007","","","33","120.1774315414473"
"56","Miami","FL","all","120","1.4033669566324753","-0.0881083883815574","2.0557179968449724","0.2780264225079451","5.9714760623986285","6470","26.850929614873838","1.4489953632148378","-2.3099596636755426","-0.35534461432993564","1.1987788516531013","","mad;rms","33","120.15430627933151"
"57","Tampa","FL","all","120","1.8233738672372715","0.03900016367368393","2.5750031396514697","0.42829331187356007","4.293841634797754","6210","25.77191235059761","1.8718196457326892","-1.667961641550934","0.5310369952438297","-0.46158205539976793","","","33","120.17379751092977"
"58","Goulding","FL","all","120","2.074879584868535","0.17408220653778447","2.971954188806587","0.9069975044714719","3.781895220983649","5906","24.510292164674635","2.1850660345411446","-1.2835246973116223","1.4730211233169535","-0.9682572869151518","","","33","120.23375602272291"
"60","Pocatello","ID","all","120","2.889655885964666","-0.1387306984912698","3.8578512769341953","1.6216786145809108","5.7876103858885575","5937","24.63894422310757","2.9828196058615464","-0.03810525165417915","-0.7083553597901496","1.0168063215216554","","","33","120.212119440627"
"61","Hartrandt","WY","all","120","4.412554215243526","-0.49360751549907006","5.837512226916057","7.474158193848204","5.554955031039552","6373","26.448373173970786","4.3756472618860816","2.289708150001633","-3.183061264103201","0.7865464689265795","","mad;bias;rms;tail_pct","33","120.16285463478528"
"62","Yankee Hill","NE","all","120","3.7506320501782326","-0.13878014707386235","4.896982355319671","3.9027981374302456","4.439510755411944","5931","24.614043824701195","3.8349350868319","1.2779326052601447","-0.7087001856379848","-0.31741279584394816","","","33","120.19309134946866"
"63","Little Rock","AR","all","120","2.8544911654928216","-0.22555619789331194","3.8296197312654696","1.4381072134619348","3.9123528835087744","5967","24.763446215139442","2.893413775766717","-0.09185598865748365","-1.3138262322659928","-0.839142862867491","","","33","120.20255628726683"
"64","St. Paul","MN","all","120","3.4721862206931107","-0.17166478435720806","4.6614325938196846","3.5919251078311394","6.365355716854861","6557","27.21198539176627","3.549946621930761","0.8523165801788353","-0.9380186481187277","1.5886029811434923","","","33","120.10110957372511"
"65","Shorewood Hills","WI","all","120","3.435075128889913","-0.07101389057399181","4.560430374108671","3.059375804833746","5.433644690771602","6519","27.0542828685259","3.4960883571099863","0.7955907336868567","-0.23613746236001912","0.6664851830538117","","","33","120.11487279285399"
"66","Windsor Heights","IA","all","120","3.601993739401837","-0.02385054238752722","4.749650661062144","3.7766412306811397","5.47992103590436","6101","25.319555112881808","3.652188165874447","1.0507327684932226","0.09275248094008305","0.71228505048357","","","33","120.21642367409936"
"67","Jackson","MS","all","120","2.755180716683664","-0.06973091937604665","3.777186606362285","1.943907538468005","3.4870642576691186","6109","25.35275564409031","2.8441643476837455","-0.24365613789783327","-0.22719076241667321","-1.2600525658045096","","","33","120.16912233650372"
"68","Topeka","KS","all","120","3.686681273178706","-0.1261015154339874","4.893405189841036","4.750280790537052","4.26067550434338","6136","25.46480743691899","3.70616036505867","1.1801811842468375","-0.6202867332114229","-0.4944066955827956","","","33","120.21172954642442"
"69","Speedway","IN","all","120","3.342407217398504","0.13060041115591503","4.446254078948668","2.5272716278496623","4.260063752921275","6390","26.518924302788843","3.3477308294209704","0.6539439788602869","1.1698042023894897","-0.49501214819475103","","","33","120.12113021970762"
"70","Cheviot","OH","all","120","3.1415706961534875","0.14561221864565885","4.202850459445987","2.1017133565564836","4.028739250408532","6220","25.813413014608233","3.1607717041800645","0.3469570075649262","1.2744878752834092","-0.7239548513824023","","","33","120.2023668095469"
"71","South Charleston","WV","all","120","3.166360579481624","-0.18567399109918623","4.297861244350937","2.7779223546446024","3.4508355637077988","6190","25.68891102257636","3.168174474959612","0.3848493747225197","-1.0357107626147657","-1.2959082362517238","","","33","120.18632027051304"
"72","Annapolis","MD","all","120","2.8204989745731233","-0.14510910655121106","3.826513438259479","1.8042393679564686","5.255112384011462","6526","27.083333333333332","2.86837266319338","-0.14381446549945773","-0.7528346927010613","0.489791108401077","","","33","120.12475903290147"
"73","West Fairview","PA","all","120","3.006070623552283","0.052725729384622645","4.018034941545478","1.8229657468197442","5.269660598612821","6374","26.452523240371846","3.0611860684028867","0.13983951399214112","0.6267511610529483","0.5041895294122951","","","33","120.17289631942816"
"74","Montpelier","VT","all","120","3.5509060922287548","0.2778872612441132","4.759565867022656","3.373133655266644","5.724444641713661","5619","23.31922310756972","3.6780565936999468","0.9726431761270155","2.196897605148802","0.9542909543073077","","","33","120.28043394936319"
"75","Concord","NH","all","120","3.3741537118044502","-0.2173840877877252","4.463422692259502","3.049716434138048","5.166854053871322","5674","23.547476759628154","3.4584067677123724","0.7024698152296434","-1.2568386575365134","0.4024415174082307","","","33","120.28592201432889"
"76","Dover","DE","all","120","3.069119184572296","0.0691365988068515","4.162987422171467","2.4796972209749186","4.724648750628835","5519","22.904216467463478","3.2141692335568037","0.23621186037655023","0.7411910836055887","-0.03521068280637056","","","33","120.28756521033453"
"77","Cranston","RI","all","120","2.9709500773662327","-0.12136222518011588","3.9972627863360106","1.9049975945488593","4.259973555695136","5277","21.899900398406373","3.0253932158423344","0.08615629922095368","-0.587237660937842","-0.4951014167181807","","","33","120.33976159866262"
"78","Cranston","RI","all","120","2.955163012675768","-0.1402665821840516","3.9887261010766837","1.9258688390735195","4.238659676673532","6238","25.888114209827357","2.997435075344662","0.06202511458916505","-0.7190657253612591","-0.5161958404632476","","","33","120.20954479015244"
"1","Salt Lake City","UT","all","144","3.228090740098103","-0.1574778638382473","4.409411000091243","2.984524494608989","5.922905724204425","6017","24.970949535192563","3.3147748047199603","-0.19564773894570223","-0.6672251628755834","1.1507086109300864","","","33","144.21395281261348"
"2","Jacksboro","TN","all","144","3.170993758533963","0.19316725650911198","4.343465662508946","2.868869138193052","4.332022941019361","5819","24.149236387782206","3.212579481010483","-0.27157685563554035","1.6854973821855244","-0.42379387748234804","","","33","144.25254672287807"
"3","Oak Ridge","TN","all","144","3.1126546853621955","0.09513625623009793","4.246553265135922","2.756793344979418","4.324080307641354","6350","26.352921646746346","3.1436220472440946","-0.3491577394771858","1.0277390644800057","-0.43165473068309956","","","33","144.17849480151784"
"4","SeaTac","WA","all","144","2.3459350609288823","0.01883660302598472","4.6099972893737915","0.47515360270923196","7.211083719515912","6497","26.962981407702525","2.3055256272125595","-1.368762318163858","0.5157915030942052","2.425623067591307","","","33","144.1306876722239"
"5","Vancouver","WA","all","144","2.7435579727479786","-0.09489735393219792","3.639105581335369","1.1393565109177177","7.183856309196975","6568","27.257636122177953","2.723812423873325","-0.8399925716204272","-0.24732889741058142","2.398676000369696","","","33","144.08299981347918"
"7","St. George","UT","all","144","2.504860852597525","-0.23260279085304017","3.4284429442895044","1.0416192673887563","4.989204617050138","5732","23.788180610889775","2.4877878576413117","-1.1574184843908306","-1.1712906673625176","0.22662122235165633","","","33","144.2822007583504"
"8","Commerce City","CO","all","144","4.446679932812103","0.3781912089303793","6.004670146492152","7.318825086274274","4.0706104051411245","6053","25.120351925630814","4.469684453989757","1.4248652632454353","2.926952058088609","-0.6825148169461883","","bias","33","144.2435265635872"
"9","North Kansas City","MO","all","144","4.101065309764462","-0.14624548137779655","5.439025381561995","6.428999378887492","4.041464509938706","6556","27.207835325365203","4.11607687614399","0.9652575515204402","-0.5918592789206824","-0.7113606156488058","","","33","144.12668450352746"
"10","Bedford Park","IL","all","144","3.9694115675634416","-0.11200371747715672","5.24307709501204","5.505128591399091","5.385588087615034","6490","26.933930942895085","4.047149460708782","0.7901808297675452","-0.3621074151791066","0.618923387769826","","","33","144.12486375344318"
"11","Rosemont","IL","all","144","3.978540548918545","-0.08285958770347507","5.248098886056938","5.604196959864246","5.706485605192795","6657","27.62699203187251","4.058885383806519","0.8023207970930043","-0.16655913232605565","0.9365168304117804","","","33","144.11589578890337"
"12","Romulus","MI","all","144","3.431502016612851","-0.11526441390580906","4.591844588260247","3.31411042107913","5.157315846377444","6267","26.008466135458168","3.467049625019946","0.07485410068599842","-0.38398570053123404","0.3930015186900107","","","33","144.1934527217958"
"13","Lynnview","KY","all","144","3.6874163327614777","-0.4167570918117198","4.962141131937336","4.251199423691136","4.404884732571874","6575","27.286686586985393","3.695361216730038","0.41517590826913436","-2.406910245374184","-0.35168229684160485","","bias","33","144.11369259771692"
"14","View Park-Windsor Hills","CA","all","144","2.54088353926771","-0.05759238415214622","3.319591448097571","0.5366603901426135","9.007225075335645","6337","26.29897078353254","2.6035979169954238","-1.1095145373741324","0.0029761499187672567","4.203270713395062","flagged_pct","flagged_pct","33","144.15067523448528"
"15","Guadalupe","AZ","all","144","2.261125570744696","-0.059392219236736994","3.0971813762010827","0.8043023230960348","5.033118740364583","6556","27.207835325365203","2.223001830384381","-1.4815442814164501","-0.00910019831820191","0.27008319023882826","","","33","144.11828927425296"
"16","Montgomery","AL","all","144","3.1237629383662973","0.12639309171869517","4.22842381049509","2.513449451112474","3.515056693172839","5831","24.199037184594953","3.188646887326359","-0.3343856829610072","1.237462962729151","-1.232348350369421","","","33","144.23991880621924"
"18","Highland Park","TX","all","144","3.67260514331225","0.10369805739765466","5.062686598516114","4.493574776269275","4.069751801567838","6307","26.174468791500665","3.722689075630252","0.395479586306083","1.0851861568943717","-0.6833645800318086","","","33","144.1578018721519"
"20","Norfolk","VA","all","144","3.489630957541041","0.1194499526721026","4.757607204114252","4.002949337294351","4.016012850792077","6135","25.460657370517932","3.573431132844336","0.15215554496348815","1.190876602844176","-0.7365502154635466","","","33","144.2091123133509"
"21","Myrtle Beach","SC","all","144","2.8315372840709214","-0.026283770856043658","3.871788311981742","1.7506387535956667","4.286436811989203","5698","23.647078353253654","2.9313794313794315","-0.7229952941334012","0.21304746157247068","-0.46891063551990425","","","33","144.22688825423015"
"22","Valley Brook","OK","all","144","3.812884044031077","0.13233743539535822","5.230072309171319","5.239298378595957","4.423930456126194","6180","25.647410358565736","3.782200647249191","0.5820262780928789","1.277347708222892","-0.33283267482869044","","","33","144.19858190699574"
"23","Helena","MT","all","144","4.263347576607228","0.013508914652461068","5.861625077785993","7.1157713630339705","4.795802743046243","6287","26.091467463479418","4.300461269285828","1.1810649171331722","0.4800443278960107","0.035210682806369686","","","33","144.18482219402293"
"24","Guttenberg","NJ","all","144","3.6327697227124554","-0.05847950316125218","4.809201348749389","4.062681178543247","5.871308211948203","6157","25.551958831341302","3.7221049212278707","0.3425053621658313","-0.0029761499187672567","1.0996423650055034","","","33","144.08113963040512"
"25","Inwood","NY","all","144","3.1992871524386324","0.3216939749500032","4.232187085288112","2.504870901586411","6.498657296390344","6142","25.489707835325365","3.2655486812113317","-0.2339515320459579","2.5478727314248113","1.72053204022082","","bias","33","144.17309580166784"
"26","College Park","GA","all","144","3.0290733242151697","0.04863215969693798","4.107153716766555","2.2313661738631785","4.625169552657144","6091","25.278054448871185","3.1016253488753898","-0.4603065033833638","0.7157106631069093","-0.13366560758600496","","","33","144.2088304943666"
"27","Paulsboro","NJ","all","144","3.384200871679026","0.048322795432935176","4.5587217587117115","3.1149286553033586","5.009040426117561","5909","24.52274236387782","3.4912844812997124","0.0119517535766548","0.713634922603706","0.2462527948763172","","","33","144.2386520160921"
"28","Las Vegas","NV","all","144","2.238051323395766","-0.1499692164178842","3.0752756343728063","0.8531145285373062","4.997444909106231","6321","26.23256972111554","2.222591362126246","-1.5122290421777336","-0.6168444130984213","0.23477666943091116","","","33","144.15987888129263"
"29","La Cienega","NM","all","144","2.96865242182588","0.00004877658687092849","3.971193495339316","1.9497730294758382","4.242954178292572","5075","21.061586985391767","2.9708374384236453","-0.5406558602555491","0.3897308786309021","-0.5119455565597832","","","33","144.23404411977518"
"30","Bangor","ME","all","144","3.841669042178629","-0.2382709071272138","5.167446167504736","5.507415491234275","5.320622746838724","5452","22.626162018592296","3.917828319882612","0.6203053503553421","-1.2093220106564597","0.5546269532405186","","","33","144.25896534058225"
"31","Coronado","CA","all","144","1.5891964831134124","-0.006776299155836613","2.136763968200874","0.10987690353151236","7.937340449110705","5976","24.800796812749006","1.6121151271753682","-2.3750938299987987","0.34393668775292646","3.144401999678259","","mad;rms;flagged_pct","33","144.23420873375713"
"32","Bismarck","ND","all","144","4.72777876358548","-0.07563291810682915","6.117457197394425","8.46812222360497","4.8149317096301845","6266","26.004316069057104","4.875039897861475","1.7986781223226245","-0.11807036833329429","0.054142690749075545","","tail_pct","33","144.135226870399"
"33","Edmundson","MO","all","144","4.12695344725706","-0.41615518005227986","5.552105152636923","6.341627049768115","3.715323626522863","6078","25.22410358565737","4.122737742678512","0.9996842998127278","-2.402871599790954","-1.0341434365698985","","bias","33","144.1124828236824"
"34","Juneau","AK","all","144","3.2722805729058977","-0.07948358200443968","4.557812807106817","3.747716239939801","8.628733852854088","6372","26.44422310756972","3.3512241054613936","-0.13688289919671692","-0.14390715669751428","3.828676571112392","flagged_pct","flagged_pct","33","144.16446906535091"
"35","Carolina","PR","all","144","1.2668185604047062","-0.1249363574869704","5.480716764174791","0.08417508417508417","5.807329755302953","5987","24.84644754316069","1.2612326707867045","-2.8038007465645998","-0.4488815122722194","1.036322653297356","","mad","33","144.23444613090925"
"36","Pierre","SD","all","144","4.733901465298897","-0.16826589220677826","6.10004344962858","8.129266783053376","4.640304408225068","6055","25.128652058432937","4.86672171758877","1.8068202573378151","-0.7396095654711712","-0.11868658587219201","","","33","144.1585402780918"
"38","Gonzales","LA","all","144","2.9032202193601506","0.20744842546446698","4.086483009470001","2.4969121641277057","3.4489259461528166","5979","24.813247011952193","3.013714668004683","-0.6276693800632893","1.7813197000258685","-1.2977981917053971","","","33","144.25399303671563"
"39","Waimea","HI","all","144","1.231910950769715","0.15034632474718304","2.464266034582008","0.08506113769271663","3.946239531574573","5677","23.559926958831344","1.2434384357935528","-2.8502218338572987","1.3981819007751117","-0.8056051237785452","","mad;rms","33","144.2806272784162"
"40","Roanoke","VA","all","144","3.4267220663479274","0.13515528515048433","4.619514217953829","3.5114090620313085","4.421529857025675","6476","26.87583001328021","3.4780728844966027","0.06849759301265831","1.296254626536521","-0.33520855650733977","","","33","144.13084361318553"
"41","Portland","OR","all","144","2.6821733537679013","-0.20325237814857622","3.564375712933082","1.0382754131742917","6.715996100005902","6511","27.0210823373174","2.6538166180310245","-0.9216235049870836","-0.9743582885282308","1.9356330462397342","","","33","144.0893400145559"
"42","Eugene","OR","all","144","2.841028756432593","-0.09633605510552837","3.695820915751144","0.9574212937324517","6.326951076263836","6581","27.311586985391767","2.8454642151648684","-0.7103732764230926","-0.25698214649257994","1.5505937683867286","","","33","144.06747536657267"
"44","Vernon","CA","all","144","2.5757256184110604","-0.21140086220245594","3.3705245921803924","0.5177780279312998","9.392028544270792","6272","26.029216467463478","2.63297193877551","-1.063180594308856","-1.0290321483060092","4.584112108997521","flagged_pct","flagged_pct","33","144.0785343141425"
"45","Sacramento","CA","all","144","2.620918989020047","-0.028989435824934913","3.4895912567326226","0.8584234048723424","4.5052707801638565","6325","26.24916998671979","2.616600790513834","-1.0030812227383632","0.1948932691930459","-0.2523298596877995","","","33","144.12813331172646"
"48","Camden","NJ","all","144","3.5158859987979056","-0.027099661888505922","4.745082113653319","3.684689351305","5.4910341179234035","6295","26.12466799468792","3.610484511517077","0.1870702118456515","0.2075730798828422","0.7232837082588986","","","33","144.10658786395766"
"49","Boston","MA","all","144","3.7716662383335757","0.010449059370033643","5.000682353363195","4.246369790074856","4.626615099451605","6197","25.7179614873838","3.8350814910440536","0.527213720707705","0.4595136257990878","-0.13223494465530197","","","33","144.23346310534296"
"51","Buffalo","NY","all","144","3.2847293938096263","0.38341672397603527","4.415476178028248","2.572599157028988","7.558873867163026","6748","28.004648074369186","3.2969768820391225","-0.12032811908126942","2.9620136812057143","2.769832244221769","","bias","33","144.06524740631073"
"52","Charlotte","NC","all","144","3.194894548370615","-0.08904256542331995","4.278470995028836","2.472788538371523","4.161409755414299","6441","26.730577689243027","3.232262071106971","-0.23979293622733466","-0.20804503996589124","-0.5926503690670545","","","33","144.14770495318606"
"53","Wilmington","NC","all","144","3.0483188389739015","0.04724809356523205","4.180861873067251","2.632915387916933","4.097670465797456","6385","26.498173970783533","3.10415035238841","-0.4347132951989663","0.7064239986049358","-0.6557333762955553","","","33","144.1695850178973"
"54","Myrtle Beach","SC","all","144","2.8515157266647297","0.04323515470812028","3.901166918057273","1.8506991575359069","4.20606058843136","6326","26.25332005312085","2.9206449573190008","-0.696427418609501","0.6794983944165024","-0.5484592769023007","","","33","144.17009672730424"
"56","Miami","FL","all","144","1.5969671519779975","-0.10068105760998035","2.347625903347846","0.384506244692244","5.9714760623986285","6470","26.850929614873838","1.6632148377125193","-2.3647601835114727","-0.2861357971706341","1.1987788516531013","","mad;rms","33","144.14426096653094"
"57","Tampa","FL","all","144","2.146035668534621","0.021394547598649175","3.007409821692212","0.7366495958018762","4.293841634797754","6210","25.77191235059761","2.22914653784219","-1.6345939589184768","0.5329545363603251","-0.46158205539976793","","","33","144.17936698093487"
"58","Goulding","FL","all","144","2.445910382105662","0.1571219791941178","3.511904112528921","1.803694750117074","3.781895220983649","5906","24.510292164674635","2.591601760921097","-1.235812420992704","1.4436444897284535","-0.9682572869151518","","","33","144.2354538779409"
"60","Pocatello","ID","all","144","3.3089144414138936","-0.15781714036235597","4.40879045636581","2.599324142551197","5.7876103858885575","5937","24.63894422310757","3.4207512211554656","-0.08816618597398547","-0.6695016055834977","1.0168063215216554","","","33","144.21642133561573"
"61","Hartrandt","WY","all","144","5.084065967809088","-0.5516047632711567","6.704175205610254","11.104425613566592","5.554955031039552","6373","26.448373173970786","5.056017574140907","2.2724785223350286","-3.31169727471406","0.7865464689265795","","mad;bias;rms;tail_pct","33","144.15166509686063"
"62","Yankee Hill","NE","all","144","4.338719588683851","-0.1906832014113003","5.642266190222199","6.659760031412209","4.439510755411944","5931","24.614043824701195","4.405833754847412","1.2812966657009124","-0.890022919898683","-0.31741279584394816","","","33","144.18756100993613"
"63","Little Rock","AR","all","144","3.3662259739487403","-0.233195406712793","4.5094076192353985","3.4314670677586023","3.9123528835087744","5967","24.763446215139442","3.394167923579688","-0.01195175357665421","-1.1752669402746292","-0.839142862867491","","","33","144.17830309577735"
"64","St. Paul","MN","all","144","4.160819170197602","-0.19525434586858548","5.509095060426503","6.353159954360886","6.365355716854861","6557","27.21198539176627","4.244471557114534","1.0447198578842087","-0.9206939145805201","1.5886029811434923","","","33","144.1038737731616"
"65","Shorewood Hills","WI","all","144","4.025283133638939","-0.035001743746423286","5.30423337737674","5.8148016632489306","5.433644690771602","6519","27.0542828685259","4.121951219512195","0.8644803556614814","0.15455250420329658","0.6664851830538117","","","33","144.1091060278914"
"66","Windsor Heights","IA","all","144","4.237803208685629","-0.05134604711528165","5.5419825619794425","6.777833001637136","5.47992103590436","6101","25.319555112881808","4.312571709555811","1.1470953229522884","0.04488717938389509","0.71228505048357","","","33","144.203567469821"
"67","Jackson","MS","all","144","3.209680673506387","-0.0908907924763963","4.443470413124629","3.0714006937597027","3.4870642576691186","6109","25.35275564409031","3.314126698313963","-0.220129945468998","-0.2204460836531867","-1.2600525658045096","","","33","144.1634783867034"
"68","Topeka","KS","all","144","4.312379795179784","-0.1619717577512997","5.671426718245955","7.253738047197726","4.26067550434338","6136","25.46480743691899","4.330019556714472","1.246269292978768","-0.6973778298052629","-0.4944066955827956","","","33","144.21091860128695"
"69","Speedway","IN","all","144","3.9469574029593026","0.11016373191239381","5.216661516770415","5.340961700844835","4.260063752921275","6390","26.518924302788843","3.9693270735524258","0.7603206718801223","1.1285688743974256","-0.49501214819475103","","","33","144.12898231286877"
"70","Cheviot","OH","all","144","3.7401082170426783","0.14888418510154916","5.006445300434063","4.291282199814125","4.028739250408532","6220","25.813413014608233","3.777331189710611","0.4852470069611089","1.3883713866436083","-0.7239548513824023","","","33","144.20028866617918"
"71","South Charleston","WV","all","144","3.8110777383046743","-0.18058035845509535","5.146690267972248","5.414207453217662","3.4508355637077988","6190","25.68891102257636","3.8277867528271408","0.5796242036833328","-0.8222359038731106","-1.2959082362517238","","","33","144.18114736250556"
"72","Annapolis","MD","all","144","3.22119110151813","-0.12329992571303913","4.402639366072696","3.1184147621189524","5.255112384011462","6526","27.083333333333332","3.2643273061599754","-0.20482306570562875","-0.4379015507539514","0.489791108401077","","","33","144.13277228780012"
"73","West Fairview","PA","all","144","3.5255623343683404","0.034582823114026724","4.675438939230648","3.5986468891791534","5.269660598612821","6374","26.452523240371846","3.5922497646689675","0.1999380656713783","0.621443870262273","0.5041895294122951","","","33","144.1661865837398"
"74","Montpelier","VT","all","144","4.054727221814638","0.2449172164803414","5.438368061306933","6.07847448776297","5.724444641713661","5619","23.31922310756972","4.204484783769354","0.9036359037425498","2.0327239382251716","0.9542909543073077","","","33","144.28780772981665"
"75","Concord","NH","all","144","3.8659332714474357","-0.24149133884542198","5.118661408186001","4.870977744220122","5.166854053871322","5674","23.547476759628154","3.9862530842439194","0.652572581390499","-1.2309301319979247","0.4024415174082307","","","33","144.29226411621067"
"76","Dover","DE","all","144","3.5953332751541818","0.03277669359667308","4.84996379825568","4.093480213603262","4.724648750628835","5519","22.904216467463478","3.756477622757746","0.2927213575260763","0.6093252882880857","-0.03521068280637056","","","33","144.26854925487888"
"77","Cranston","RI","all","144","3.490748824930694","-0.11299202921893707","4.670880400326931","3.5471097143383026","4.259973555695136","5277","21.899900398406373","3.554671214705325","0.15364211537662573","-0.3687386876010123","-0.4951014167181807","","","33","144.35719222887852"
"78","Cranston","RI","all","144","3.4692890599507717","-0.15389252978050463","4.640660056165954","3.502344052937821","4.238659676673532","6238","25.888114209827357","3.5243667842257134","0.12510433711479949","-0.6431686573669075","-0.5161958404632476","","","33","144.21023055719476"